microsite_id,site,field_lat,field_lon,location,state_province,country,biomimic,zone,sub_zone,wave_exp,Start Date,End Date
BMRMZAWCPB1011,ZAWCPB,-34.061555,23.379823,Plettenberg,Western Cape,South Africa,8cm epoxy robomussel,3.Mid,Rocky,exposed,3/16/16,6/8/16
BMRMZAWCBT1007,ZAWCBT,-34.075213,23.023874,Brenton,Western Cape,South Africa,8cm epoxy robomussel,1.High,Rocky,exposed,3/16/16,6/8/16
BMRMZAWCBT1008,ZAWCBT,-34.075213,23.023874,Brenton,Western Cape,South Africa,8cm epoxy robomussel,1.High,Rocky,exposed,3/16/16,6/8/16
BMRMZAWCBT1014,ZAWCBT,-34.075213,23.023874,Brenton,Western Cape,South Africa,8cm epoxy robomussel,3.Mid,Rocky,exposed,3/16/16,6/8/16
BMRMZAWCBT1015,ZAWCBT,-34.075213,23.023874,Brenton,Western Cape,South Africa,8cm epoxy robomussel,3.Mid,Rocky,exposed,3/16/16,6/8/16
BMRMZAWCKB1007,ZAWCKB,-34.004968,23.455270,Keurboom,Western Cape,South Africa,8cm epoxy robomussel,1.High,Rocky,exposed,3/16/16,6/8/16
BMRMZAWCKB1008,ZAWCKB,-34.004968,23.455270,Keurboom,Western Cape,South Africa,8cm epoxy robomussel,1.High,Rocky,exposed,3/16/16,6/8/16
BMRMZAWCKB1012,ZAWCKB,-34.004968,23.455270,Keurboom,Western Cape,South Africa,8cm epoxy robomussel,3.Mid,Rocky,exposed,3/16/16,6/8/16
BMRMZAWCKB1013,ZAWCKB,-34.004968,23.455270,Keurboom,Western Cape,South Africa,8cm epoxy robomussel,3.Mid,Rocky,exposed,3/16/16,6/8/16
BMRMZAWCPB1006,ZAWCPB,-34.061555,23.379823,Plettenberg,Western Cape,South Africa,8cm epoxy robomussel,1.High,Rocky,exposed,3/16/16,6/8/16
BMRMZAWCPB1007,ZAWCPB,-34.061555,23.379823,Plettenberg,Western Cape,South Africa,8cm epoxy robomussel,1.High,Rocky,exposed,3/16/16,6/8/16
BMRMZAWCPB1014,ZAWCPB,-34.061555,23.379823,Plettenberg,Western Cape,South Africa,8cm epoxy robomussel,3.Mid,Rocky,exposed,3/16/16,6/8/16
BMRMZAWCPB1015,ZAWCPB,-34.061555,23.379823,Plettenberg,Western Cape,South Africa,8cm epoxy robomussel,3.Mid,Rocky,exposed,3/16/16,6/8/16
BMRMZAWCBT1005,ZAWCBT,-34.075213,23.023874,Brenton,Western Cape,South Africa,8cm epoxy robomussel,1.High,Rocky,exposed,1/23/16,3/30/16
BMRMZAWCBT1006,ZAWCBT,-34.075213,23.023874,Brenton,Western Cape,South Africa,8cm epoxy robomussel,1.High,Rocky,exposed,1/23/16,3/30/16
BMRMZAWCBT1012,ZAWCBT,-34.075213,23.023874,Brenton,Western Cape,South Africa,8cm epoxy robomussel,3.Mid,Rocky,exposed,1/23/16,3/30/16
BMRMZAWCBT1013,ZAWCBT,-34.075213,23.023874,Brenton,Western Cape,South Africa,8cm epoxy robomussel,3.Mid,Rocky,exposed,1/23/16,3/30/16
BMRMZAWCKB1005,ZAWCKB,-34.004968,23.455270,Keurboom,Western Cape,South Africa,8cm epoxy robomussel,1.High,Rocky,exposed,1/23/16,3/30/16
BMRMZAWCKB1006,ZAWCKB,-34.004968,23.455270,Keurboom,Western Cape,South Africa,8cm epoxy robomussel,1.High,Rocky,exposed,1/23/16,3/30/16
BMRMZAWCKB1010,ZAWCKB,-34.004968,23.455270,Keurboom,Western Cape,South Africa,8cm epoxy robomussel,3.Mid,Rocky,exposed,1/23/16,3/30/16
BMRMZAWCKB1011,ZAWCKB,-34.004968,23.455270,Keurboom,Western Cape,South Africa,8cm epoxy robomussel,3.Mid,Rocky,exposed,1/23/16,3/30/16
BMRMZAWCPB1004,ZAWCPB,-34.061555,23.379823,Plettenberg,Western Cape,South Africa,8cm epoxy robomussel,1.High,Rocky,exposed,1/23/16,3/30/16
BMRMZAWCPB1005,ZAWCPB,-34.061555,23.379823,Plettenberg,Western Cape,South Africa,8cm epoxy robomussel,1.High,Rocky,exposed,1/23/16,3/30/16
BMRMZAWCPB1012,ZAWCPB,-34.061555,23.379823,Plettenberg,Western Cape,South Africa,8cm epoxy robomussel,3.Mid,Rocky,exposed,1/23/16,3/30/16
BMRMZAWCPB1013,ZAWCPB,-34.061555,23.379823,Plettenberg,Western Cape,South Africa,8cm epoxy robomussel,3.Mid,Rocky,exposed,1/23/16,3/30/16
BMRMUSCACP347,USCACP,34.40673,-119.87829,Coal Oil Point,California,USA,8cm epoxy robomussel,5.Low,Rocky,exposed,11/9/10,2/10/16
BMRMZAWCPB1002,ZAWCPB,-34.061555,23.379823,Plettenberg,Western Cape,South Africa,8cm epoxy robomussel,1.High,Rocky,exposed,10/8/15,1/27/16
BMRMZAWCPB1009,ZAWCPB,-34.061555,23.379823,Plettenberg,Western Cape,South Africa,8cm epoxy robomussel,3.Mid,Rocky,exposed,10/8/15,1/27/16
BMRMZAWCKB1001,ZAWCKB,-34.004968,23.455270,Keurboom,Western Cape,South Africa,8cm epoxy robomussel,1.High,Rocky,exposed,10/8/15,1/27/16
BMRMZAWCKB1002,ZAWCKB,-34.004968,23.455270,Keurboom,Western Cape,South Africa,8cm epoxy robomussel,1.High,Rocky,exposed,10/8/15,1/27/16
BMRMZAWCKB1003,ZAWCKB,-34.004968,23.455270,Keurboom,Western Cape,South Africa,8cm epoxy robomussel,1.High,Rocky,exposed,10/8/15,1/27/16
BMRMZAWCKB1009,ZAWCKB,-34.004968,23.455270,Keurboom,Western Cape,South Africa,8cm epoxy robomussel,3.Mid,Rocky,exposed,10/8/15,1/27/16
BMRMZAWCBT1003,ZAWCBT,-34.075213,23.023874,Brenton,Western Cape,South Africa,8cm epoxy robomussel,1.High,Rocky,exposed,10/8/15,1/26/16
BMRMZAWCBT1009,ZAWCBT,-34.075213,23.023874,Brenton,Western Cape,South Africa,8cm epoxy robomussel,3.Mid,Rocky,exposed,10/8/15,1/26/16
BMRMZAWCBT1010,ZAWCBT,-34.075213,23.023874,Brenton,Western Cape,South Africa,8cm epoxy robomussel,3.Mid,Rocky,exposed,10/8/15,1/26/16
BMRMZAWCBT1001,ZAWCBT,-34.075213,23.023874,Brenton,Western Cape,South Africa,8cm epoxy robomussel,1.High,Rocky,exposed,10/8/15,1/26/16
BMRMZAWCBT1002,ZAWCBT,-34.075213,23.023874,Brenton,Western Cape,South Africa,8cm epoxy robomussel,1.High,Rocky,exposed,10/8/15,1/26/16
BMRMZAWCBT1011,ZAWCBT,-34.075213,23.023874,Brenton,Western Cape,South Africa,8cm epoxy robomussel,3.Mid,Rocky,exposed,12/5/15,1/16/16
BMRMZAWCPB1003,ZAWCPB,-34.061555,23.379823,Plettenberg,Western Cape,South Africa,8cm epoxy robomussel,1.High,Rocky,exposed,12/5/15,1/16/16
BMRMZAWCBT1004,ZAWCBT,-34.075213,23.023874,Brenton,Western Cape,South Africa,8cm epoxy robomussel,1.High,Rocky,exposed,12/5/15,1/16/16
BMRMZAWCKB1004,ZAWCKB,-34.004968,23.455270,Keurboom,Western Cape,South Africa,8cm epoxy robomussel,1.High,Rocky,exposed,12/5/15,1/16/16
BMRMZAWCPB1010,ZAWCPB,-34.061555,23.379823,Plettenberg,Western Cape,South Africa,8cm epoxy robomussel,3.Mid,Rocky,exposed,12/5/15,1/16/16
BMRMUSMANP515,USMANP,42.419968,-70.902284,East Point,Massachusetts,USA,4cm shell robomussel,1.High,Rocky,protected,11/20/14,1/6/16
BMRMUSMAPH400,USMAPH,42.41671,-70.90673,Pumphouse,Massachusetts,USA,4cm shell robomussel,1.High,Rocky,protected,7/21/14,1/6/16
BMRMUSMAPH525,USMAPH,42.41665,-70.90678,Pumphouse,Massachusetts,USA,4cm shell robomussel,1.High,Rocky,protected,7/11/13,1/6/16
BMRMUSMAPH529,USMAPH,42.41673,-70.90636,Pumphouse,Massachusetts,USA,4cm shell robomussel,1.High,Rocky,exposed,4/24/14,1/6/16
BMRMUSMAPH402,USMAPH,42.41664,-70.90682,Pumphouse,Massachusetts,USA,4cm shell robomussel,3.Mid,Rocky,exposed,7/21/14,1/6/16
BMRMUSMANP511,USMANP,42.419968,-70.902284,East Point,Massachusetts,USA,4cm shell robomussel,5.Low,Rocky,exposed,1/8/14,1/6/16
BMRMUSMANP509,USMANP,42.419968,-70.902284,East Point,Massachusetts,USA,4cm shell robomussel,3.Mid,Rocky,protected,1/8/14,1/6/16
BMRMUSMAPH528,USMAPH,42.41675,-70.90671,Pumphouse,Massachusetts,USA,4cm shell robomussel,3.Mid,Rocky,exposed,4/24/14,1/6/16
BMRMUSMANP513,USMANP,42.419968,-70.902284,East Point,Massachusetts,USA,4cm shell robomussel,1.High,Rocky,protected,1/8/14,1/6/16
BMRMUSCATL163,USCATL,34.05165,-119.9032,Trailer,California,USA,8cm epoxy robomussel,1.High,Rocky,exposed,12/13/04,12/9/15
BMRMUSCATL327,USCATL,34.05165,-119.9032,Trailer,California,USA,8cm epoxy robomussel,3.Mid,Rocky,exposed,11/19/10,12/9/15
BMRMUSCATL329,USCATL,34.05165,-119.9032,Trailer,California,USA,8cm epoxy robomussel,4.Lower-Mid,Rocky,exposed,11/14/12,12/9/15
BMRMUSCACP342,USCACP,34.40673,-119.87829,Coal Oil Point,California,USA,8cm epoxy robomussel,1.High,Rocky,exposed,11/9/10,11/25/15
BMRMUSCACP344,USCACP,34.40673,-119.87829,Coal Oil Point,California,USA,8cm epoxy robomussel,3.Mid,Rocky,exposed,11/8/10,11/25/15
BMRMUSCACP345,USCACP,34.40673,-119.87829,Coal Oil Point,California,USA,8cm epoxy robomussel,3.Mid,Rocky,exposed,11/9/10,11/25/15
BMRMUSCALL52,USCALL,34.71911,-120.60889,Lompoc Landing,California,USA,8cm epoxy robomussel,3.Mid,Rocky,exposed,2/1/02,11/25/15
BMRMUSCALL54,USCALL,34.71911,-120.60889,Lompoc Landing,California,USA,8cm epoxy robomussel,1.High,Rocky,exposed,11/26/03,11/25/15
BMRMUSCALL50,USCALL,34.71911,-120.60889,Lompoc Landing,California,USA,8cm epoxy robomussel,4.Lower-Mid,Rocky,exposed,4/25/03,11/25/15
BMRMUSCALL51,USCALL,34.71911,-120.60889,Lompoc Landing,California,USA,8cm epoxy robomussel,5.Low,Rocky,exposed,4/25/03,11/25/15
BMRMUSCAAG35,USCAAG,34.46716667,-120.2770333,Alegria,California,USA,8cm epoxy robomussel,3.Mid,Rocky,exposed,7/17/00,11/25/15
BMRMUSCAAG323,USCAAG,34.46716667,-120.2770333,Alegria,California,USA,8cm epoxy robomussel,3.Mid,Rocky,exposed,8/3/12,11/25/15
BMRMUSCAAG322,USCAAG,34.46716667,-120.2770333,Alegria,California,USA,8cm epoxy robomussel,2.Upper-Mid,Rocky,exposed,11/8/10,11/25/15
BMRMUSCAAG32,USCAAG,34.46716667,-120.2770333,Alegria,California,USA,8cm epoxy robomussel,3.Mid,Rocky,exposed,7/17/00,11/25/15
BMRMUSCAAG318,USCAAG,34.46716667,-120.2770333,Alegria,California,USA,8cm epoxy robomussel,3.Mid,Rocky,exposed,8/3/12,11/25/15
BMRMUSCAAG30,USCAAG,34.46716667,-120.2770333,Alegria,California,USA,8cm epoxy robomussel,1.High,Rocky,exposed,11/23/03,11/25/15
BMRMZAWCPB1001,ZAWCPB,-34.061555,23.379823,Plettenberg,Western Cape,South Africa,8cm epoxy robomussel,1.High,Rocky,exposed,9/27/15,11/3/15
BMRMZAWCPB1008,ZAWCPB,-34.061555,23.379823,Plettenberg,Western Cape,South Africa,8cm epoxy robomussel,3.Mid,Rocky,exposed,9/27/15,11/3/15
BMRMUSMANP510,USMANP,42.419968,-70.902284,East Point,Massachusetts,USA,4cm shell robomussel,1.High,Rocky,protected,1/8/14,10/13/15
BMRMUSMANP514,USMANP,42.419968,-70.902284,East Point,Massachusetts,USA,4cm shell robomussel,1.High,Rocky,exposed,11/20/14,10/13/15
BMRMUSMAPH526,USMAPH,42.41671,-70.9068,Pumphouse,Massachusetts,USA,4cm shell robomussel,5.Low,Rocky,protected,7/21/14,10/13/15
BMRMUSMANP512,USMANP,42.419968,-70.902284,East Point,Massachusetts,USA,4cm shell robomussel,5.Low,Rocky,exposed,1/8/14,10/13/15
BMRMUSMAPH401,USMAPH,42.41663,-70.90686,Pumphouse,Massachusetts,USA,4cm shell robomussel,5.Low,Rocky,exposed,7/21/14,10/13/15
BMRMUSCATL324,USCATL,34.05165,-119.9032,Trailer,California,USA,8cm epoxy robomussel,3.Mid,Rocky,exposed,12/13/04,9/24/15
BMRMUSMANP508,USMANP,42.419968,-70.902284,East Point,Massachusetts,USA,4cm shell robomussel,1.High,Rocky,exposed,1/8/14,8/18/15
BMRMUSMANP507,USMANP,42.419968,-70.902284,East Point,Massachusetts,USA,4cm shell robomussel,5.Low,Rocky,protected,4/24/14,8/18/15
BMRMUSORFC1,USORFC,44.83733333,-124.05845,Fogarty Creek,Oregon,USA,8cm epoxy robomussel,3.Mid,Rocky,exposed,7/11/06,6/4/15
BMRMUSORFC2,USORFC,44.83733333,-124.05845,Fogarty Creek,Oregon,USA,8cm epoxy robomussel,3.Mid,Rocky,exposed,7/11/06,6/4/15
BMRMUSORFC3,USORFC,44.83733333,-124.05845,Fogarty Creek,Oregon,USA,8cm epoxy robomussel,3.Mid,Rocky,exposed,3/18/07,6/4/15
BMRMUSCAFR366,USCAFR,34.06271667,-119.9192167,Fraser,California,USA,8cm epoxy robomussel,3.Mid,Rocky,exposed,11/4/13,2/19/15
BMRMUSCAFR364,USCAFR,34.06271667,-119.9192167,Fraser,California,USA,8cm epoxy robomussel,3.Mid,Rocky,exposed,11/20/10,2/18/15
BMRMUSCAFR365,USCAFR,34.06271667,-119.9192167,Fraser,California,USA,8cm epoxy robomussel,3.Mid,Rocky,exposed,11/20/10,2/18/15
BMRMZAECCA130,ZAECCA,-34.209481,24.837365,Cape St Francis,Eastern Cape,South Africa,8cm epoxy robomussel,3.Mid,Rocky,exposed,6/13/14,2/7/15
BMRMZAECCA140,ZAECCA,-34.209481,24.837365,Cape St Francis,Eastern Cape,South Africa,8cm epoxy robomussel,3.Mid,Rocky,exposed,6/13/14,2/7/15
BMRMZAECCA80,ZAECCA,-34.209481,24.837365,Cape St Francis,Eastern Cape,South Africa,8cm epoxy robomussel,3.Mid,Rocky,exposed,6/13/14,2/7/15
BMRMZAECCA90,ZAECCA,-34.209481,24.837365,Cape St Francis,Eastern Cape,South Africa,8cm epoxy robomussel,3.Mid,Rocky,exposed,6/13/14,2/7/15
BMRMZAECMB110,ZAECMB,-32.711101,28.339619,Morgans Bay,Eastern Cape,South Africa,8cm epoxy robomussel,3.Mid,Rocky,moderately exposed,12/26/14,2/7/15
BMRMZAECMB40,ZAECMB,-32.711101,28.339619,Morgans Bay,Eastern Cape,South Africa,8cm epoxy robomussel,3.Mid,Rocky,moderately exposed,12/26/14,2/7/15
BMRMZAKNPE100,ZAKNPE,-31.048014,30.230186,Port Edward,KwaZulu-Natal,South Africa,8cm epoxy robomussel,3.Mid,Rocky,exposed,12/23/14,2/6/15
BMRMZAKNPE90,ZAKNPE,-31.048014,30.230186,Port Edward,KwaZulu-Natal,South Africa,8cm epoxy robomussel,3.Mid,Rocky,exposed,12/23/14,2/6/15
BMRMZAKNBA120,ZAKNBA,-29.483833,31.259218,Ballito,KwaZulu-Natal,South Africa,8cm epoxy robomussel,3.Mid,Rocky,exposed,12/21/14,2/5/15
BMRMZAKNBA50,ZAKNBA,-29.483833,31.259218,Ballito,KwaZulu-Natal,South Africa,8cm epoxy robomussel,3.Mid,Rocky,exposed,10/6/14,2/5/15
BMRMZAKNBA60,ZAKNBA,-29.483833,31.259218,Ballito,KwaZulu-Natal,South Africa,8cm epoxy robomussel,3.Mid,Rocky,exposed,12/21/14,2/5/15
BMRMZAWCBT20,ZAWCBT,-34.075213,23.023874,Brenton,Western Cape,South Africa,8cm epoxy robomussel,3.Mid,Rocky,exposed,6/14/14,1/27/15
BMRMZAWCBT120,ZAWCBT,-34.075213,23.023874,Brenton,Western Cape,South Africa,8cm epoxy robomussel,3.Mid,Rocky,exposed,12/14/14,1/26/15
BMRMZAWCBT130,ZAWCBT,-34.075213,23.023874,Brenton,Western Cape,South Africa,8cm epoxy robomussel,3.Mid,Rocky,exposed,12/14/14,1/26/15
BMRMUSCALL49,USCALL,34.71911,-120.60889,Lompoc Landing,California,USA,8cm epoxy robomussel,3.Mid,Rocky,exposed,2/1/02,1/20/15
BMRMUSORBB11,USORBB,44.83064,-124.06005,Boiler Bay,Oregon,USA,8cm epoxy robomussel,3.Mid,Rocky,protected,10/16/00,1/20/15
BMRMUSORBB13,USORBB,44.83064,-124.06005,Boiler Bay,Oregon,USA,8cm epoxy robomussel,1.High,Rocky,protected,3/6/05,1/20/15
BMRMUSORBB2,USORBB,44.83064,-124.06005,Boiler Bay,Oregon,USA,8cm epoxy robomussel,3.Mid,Rocky,intermediate,10/16/00,1/20/15
BMRMUSORBB3,USORBB,44.83064,-124.06005,Boiler Bay,Oregon,USA,8cm epoxy robomussel,3.Mid,Rocky,intermediate,10/16/00,1/20/15
BMRMUSORBB4,USORBB,44.83064,-124.06005,Boiler Bay,Oregon,USA,8cm epoxy robomussel,3.Mid,Rocky,intermediate,4/8/02,1/20/15
BMRMUSORBB5,USORBB,44.83064,-124.06005,Boiler Bay,Oregon,USA,8cm epoxy robomussel,4.Lower-Mid,Rocky,intermediate,4/21/03,1/20/15
BMRMUSORBB6,USORBB,44.83064,-124.06005,Boiler Bay,Oregon,USA,8cm epoxy robomussel,5.Low,Rocky,intermediate,5/6/04,1/20/15
BMRMUSORBB7,USORBB,44.83064,-124.06005,Boiler Bay,Oregon,USA,8cm epoxy robomussel,1.High,Rocky,intermediate,10/16/00,1/20/15
BMRMUSORSH16,USORSH,44.24992,-124.11357,Strawberry Hill,Oregon,USA,8cm epoxy robomussel,3.Mid,Rocky,protected,5/16/02,1/20/15
BMRMZAECJO120,ZAECJO,-34.419813,21.357435,Jongensfontein,Eastern Cape,South Africa,8cm epoxy robomussel,3.Mid,Rocky,exposed,12/6/14,1/20/15
BMRMZAECJO170,ZAECJO,-34.419813,21.357435,Jongensfontein,Eastern Cape,South Africa,8cm epoxy robomussel,3.Mid,Rocky,exposed,8/11/14,1/20/15
BMRMZAECJO20,ZAECJO,-34.419813,21.357435,Jongensfontein,Eastern Cape,South Africa,8cm epoxy robomussel,3.Mid,Rocky,exposed,7/14/14,1/20/15
BMRMZAECJO240,ZAECJO,-34.419813,21.357435,Jongensfontein,Eastern Cape,South Africa,8cm epoxy robomussel,3.Mid,Rocky,exposed,12/6/14,1/20/15
BMRMZAECJO40,ZAECJO,-34.419813,21.357435,Jongensfontein,Eastern Cape,South Africa,8cm epoxy robomussel,3.Mid,Rocky,exposed,12/6/14,1/20/15
BMRMZAWCPN500,ZAWCPN,-32.801940,17.898330,Paternoster,Western Cape,South Africa,8cm epoxy robomussel,3.Mid,Rocky,exposed,10/10/14,1/18/15
BMRMZAWCDO900,ZAWCDO,-31.800370,18.229809,Doringbaai,Western Cape,South Africa,8cm epoxy robomussel,3.Mid,Rocky,exposed,12/6/14,1/17/15
BMRMZANCHO100,ZANCHO,-30.306139,17.270707,Hondeklipbaai,Northern Cape,South Africa,8cm epoxy robomussel,3.Mid,Rocky,exposed,6/18/14,1/16/15
BMRMZANCHO1000,ZANCHO,-30.306139,17.270707,Hondeklipbaai,Northern Cape,South Africa,8cm epoxy robomussel,3.Mid,Rocky,exposed,12/7/14,1/16/15
BMRMZANCHO1100,ZANCHO,-30.306139,17.270707,Hondeklipbaai,Northern Cape,South Africa,8cm epoxy robomussel,3.Mid,Rocky,exposed,12/7/14,1/16/15
BMRMZANCHO200,ZANCHO,-30.306139,17.270707,Hondeklipbaai,Northern Cape,South Africa,8cm epoxy robomussel,3.Mid,Rocky,exposed,6/18/14,1/16/15
BMRMZANCHO400,ZANCHO,-30.306139,17.270707,Hondeklipbaai,Northern Cape,South Africa,8cm epoxy robomussel,3.Mid,Rocky,exposed,12/7/14,1/16/15
BMRMZANCHO900,ZANCHO,-30.306139,17.270707,Hondeklipbaai,Northern Cape,South Africa,8cm epoxy robomussel,3.Mid,Rocky,exposed,12/7/14,1/16/15
BMRMZAKNPE40,ZAKNPE,-31.048014,30.230186,Port Edward,KwaZulu-Natal,South Africa,8cm epoxy robomussel,3.Mid,Rocky,exposed,11/10/14,12/23/14
BMRMZAKNPE50,ZAKNPE,-31.048014,30.230186,Port Edward,KwaZulu-Natal,South Africa,8cm epoxy robomussel,3.Mid,Rocky,exposed,11/10/14,12/23/14
BMRMZAKNPE80,ZAKNPE,-31.048014,30.230186,Port Edward,KwaZulu-Natal,South Africa,8cm epoxy robomussel,3.Mid,Rocky,exposed,11/10/14,12/23/14
BMRMZAKNBA110,ZAKNBA,-29.483833,31.259218,Ballito,KwaZulu-Natal,South Africa,8cm epoxy robomussel,3.Mid,Rocky,exposed,11/8/14,12/21/14
BMRMZAECMB100,ZAECMB,-32.711101,28.339619,Morgans Bay,Eastern Cape,South Africa,8cm epoxy robomussel,3.Mid,Rocky,moderately exposed,12/10/14,12/20/14
BMRMZAECMB30,ZAECMB,-32.711101,28.339619,Morgans Bay,Eastern Cape,South Africa,8cm epoxy robomussel,3.Mid,Rocky,moderately exposed,12/10/14,12/20/14
BMRMZAECMB10,ZAECMB,-32.711101,28.339619,Morgans Bay,Eastern Cape,South Africa,8cm epoxy robomussel,3.Mid,Rocky,moderately exposed,9/11/14,12/10/14
BMRMZAECMB20,ZAECMB,-32.711101,28.339619,Morgans Bay,Eastern Cape,South Africa,8cm epoxy robomussel,3.Mid,Rocky,moderately exposed,10/7/14,12/10/14
BMRMZAECMB90,ZAECMB,-32.711101,28.339619,Morgans Bay,Eastern Cape,South Africa,8cm epoxy robomussel,3.Mid,Rocky,moderately exposed,10/28/14,12/10/14
BMRMZANCHO800,ZANCHO,-30.306139,17.270707,Hondeklipbaai,Northern Cape,South Africa,8cm epoxy robomussel,3.Mid,Rocky,exposed,10/25/14,12/7/14
BMRMZAECJO230,ZAECJO,-34.419813,21.357435,Jongensfontein,Eastern Cape,South Africa,8cm epoxy robomussel,3.Mid,Rocky,exposed,10/24/14,12/6/14
BMRMZAECJO110,ZAECJO,-34.419813,21.357435,Jongensfontein,Eastern Cape,South Africa,8cm epoxy robomussel,3.Mid,Rocky,exposed,10/24/14,12/6/14
BMRMZAECJO140,ZAECJO,-34.419813,21.357435,Jongensfontein,Eastern Cape,South Africa,8cm epoxy robomussel,3.Mid,Rocky,exposed,7/14/14,12/6/14
BMRMZAECJO220,ZAECJO,-34.419813,21.357435,Jongensfontein,Eastern Cape,South Africa,8cm epoxy robomussel,3.Mid,Rocky,exposed,10/9/14,12/6/14
BMRMZAECJO30,ZAECJO,-34.419813,21.357435,Jongensfontein,Eastern Cape,South Africa,8cm epoxy robomussel,3.Mid,Rocky,exposed,10/24/14,12/6/14
BMRMUSWACP1,USWACP,48.45135,-122.9617833,Cattle Point,Washington,USA,8cm epoxy robomussel,3.Mid,Rocky,protected,4/4/02,11/27/14
BMRMUSWACP105,USWACP,48.45135,-122.9617833,Cattle Point,Washington,USA,8cm epoxy robomussel,3.Mid,Rocky,protected,10/11/04,11/27/14
BMRMUSWACP107,USWACP,48.45135,-122.9617833,Cattle Point,Washington,USA,8cm epoxy robomussel,1.High,Rocky,protected,5/6/04,11/27/14
BMRMUSWACP2,USWACP,48.45135,-122.9617833,Cattle Point,Washington,USA,8cm epoxy robomussel,3.Mid,Rocky,protected,11/5/02,11/27/14
BMRMUSCAHS111,USCAHS,36.62193333,-121.9053167,Hopkins,California,USA,8cm epoxy robomussel,3.Mid,Rocky,exposed,5/7/00,11/26/14
BMRMUSCAHS120,USCAHS,36.62193333,-121.9053167,Hopkins,California,USA,8cm epoxy robomussel,3.Mid,Rocky,exposed,6/6/00,11/26/14
BMRMUSCAHS122,USCAHS,36.62193333,-121.9053167,Hopkins,California,USA,8cm epoxy robomussel,1.High,Rocky,exposed,3/20/01,11/26/14
BMRMUSCAHS123,USCAHS,36.62193333,-121.9053167,Hopkins,California,USA,8cm epoxy robomussel,3.Mid,Rocky,exposed,6/30/00,11/26/14
BMRMUSCAHS124,USCAHS,36.62193333,-121.9053167,Hopkins,California,USA,8cm epoxy robomussel,3.Mid,Rocky,exposed,3/20/01,11/26/14
BMRMUSCAHS125,USCAHS,36.62193333,-121.9053167,Hopkins,California,USA,8cm epoxy robomussel,3.Mid,Rocky,protected,12/20/00,11/26/14
BMRMUSCAHS127,USCAHS,36.62193333,-121.9053167,Hopkins,California,USA,8cm epoxy robomussel,2.Upper-Mid,Rocky,exposed,6/7/04,11/26/14
BMRMUSCAHS128,USCAHS,36.62193333,-121.9053167,Hopkins,California,USA,8cm epoxy robomussel,4.Lower-Mid,Rocky,exposed,6/7/04,11/26/14
BMRMUSCAHS175,USCAHS,36.62193333,-121.9053167,Hopkins,California,USA,8cm epoxy robomussel,3.Mid,Rocky,protected,5/22/02,11/26/14
BMRMUSCAWL1,USCAWL,33.96178333,-119.75485,Willows,California,USA,8cm epoxy robomussel,1.High,Rocky,exposed,11/20/11,11/25/14
BMRMUSCAWL4,USCAWL,33.96178333,-119.75485,Willows,California,USA,8cm epoxy robomussel,3.Mid,Rocky,exposed,11/16/12,11/25/14
BMRMUSCAWL5,USCAWL,33.96178333,-119.75485,Willows,California,USA,8cm epoxy robomussel,3.Mid,Rocky,exposed,11/16/12,11/25/14
BMRMUSCAHS177,USCAHS,36.62193333,-121.9053167,Hopkins,California,USA,8cm epoxy robomussel,5.Low,Rocky,exposed,6/7/04,11/25/14
BMRMZANCHO700,ZANCHO,-30.306139,17.270707,Hondeklipbaai,Northern Cape,South Africa,8cm epoxy robomussel,3.Mid,Rocky,exposed,10/12/14,11/9/14
BMRMZAWCDO100,ZAWCDO,-31.800370,18.229809,Doringbaai,Western Cape,South Africa,8cm epoxy robomussel,3.Mid,Rocky,exposed,6/17/14,11/8/14
BMRMZAWCDO400,ZAWCDO,-31.800370,18.229809,Doringbaai,Western Cape,South Africa,8cm epoxy robomussel,3.Mid,Rocky,exposed,10/11/14,11/8/14
BMRMZAWCDO600,ZAWCDO,-31.800370,18.229809,Doringbaai,Western Cape,South Africa,8cm epoxy robomussel,3.Mid,Rocky,exposed,6/17/14,11/8/14
BMRMZAWCDO700,ZAWCDO,-31.800370,18.229809,Doringbaai,Western Cape,South Africa,8cm epoxy robomussel,3.Mid,Rocky,exposed,7/18/14,11/8/14
BMRMZAWCPN200,ZAWCPN,-32.801940,17.898330,Paternoster,Western Cape,South Africa,8cm epoxy robomussel,3.Mid,Rocky,exposed,6/16/14,11/7/14
BMRMZAWCPN400,ZAWCPN,-32.801940,17.898330,Paternoster,Western Cape,South Africa,8cm epoxy robomussel,3.Mid,Rocky,exposed,8/12/14,11/7/14
BMRMZAWCPN900,ZAWCPN,-32.801940,17.898330,Paternoster,Western Cape,South Africa,8cm epoxy robomussel,3.Mid,Rocky,exposed,10/10/14,11/7/14
BMRMZAECJO10,ZAECJO,-34.419813,21.357435,Jongensfontein,Eastern Cape,South Africa,8cm epoxy robomussel,3.Mid,Rocky,exposed,7/14/14,11/6/14
BMRMZAECJO100,ZAECJO,-34.419813,21.357435,Jongensfontein,Eastern Cape,South Africa,8cm epoxy robomussel,3.Mid,Rocky,exposed,10/9/14,11/6/14
BMRMZAECJO210,ZAECJO,-34.419813,21.357435,Jongensfontein,Eastern Cape,South Africa,8cm epoxy robomussel,3.Mid,Rocky,exposed,8/11/14,11/6/14
BMRMZAWCBT110,ZAWCBT,-34.075213,23.023874,Brenton,Western Cape,South Africa,8cm epoxy robomussel,3.Mid,Rocky,exposed,9/23/14,11/5/14
BMRMZAWCBT160,ZAWCBT,-34.075213,23.023874,Brenton,Western Cape,South Africa,8cm epoxy robomussel,3.Mid,Rocky,exposed,6/14/14,11/5/14
BMRMZAWCBT210,ZAWCBT,-34.075213,23.023874,Brenton,Western Cape,South Africa,8cm epoxy robomussel,3.Mid,Rocky,exposed,6/14/14,11/5/14
BMRMZAWCBT30,ZAWCBT,-34.075213,23.023874,Brenton,Western Cape,South Africa,8cm epoxy robomussel,3.Mid,Rocky,exposed,6/14/14,11/5/14
BMRMZAWCBT40,ZAWCBT,-34.075213,23.023874,Brenton,Western Cape,South Africa,8cm epoxy robomussel,3.Mid,Rocky,exposed,6/14/14,11/5/14
BMRMZAECCA10,ZAECCA,-34.209481,24.837365,Cape St Francis,Eastern Cape,South Africa,8cm epoxy robomussel,3.Mid,Rocky,exposed,7/2/14,11/4/14
BMRMZAECCA110,ZAECCA,-34.209481,24.837365,Cape St Francis,Eastern Cape,South Africa,8cm epoxy robomussel,3.Mid,Rocky,exposed,6/13/14,11/4/14
BMRMZAECCA120,ZAECCA,-34.209481,24.837365,Cape St Francis,Eastern Cape,South Africa,8cm epoxy robomussel,3.Mid,Rocky,exposed,6/13/14,11/4/14
BMRMZAECCA60,ZAECCA,-34.209481,24.837365,Cape St Francis,Eastern Cape,South Africa,8cm epoxy robomussel,3.Mid,Rocky,exposed,6/13/14,11/4/14
BMRMZAECCA70,ZAECCA,-34.209481,24.837365,Cape St Francis,Eastern Cape,South Africa,8cm epoxy robomussel,3.Mid,Rocky,exposed,10/8/14,11/4/14
BMRMZAECCA30,ZAECCA,-34.209481,24.837365,Cape St Francis,Eastern Cape,South Africa,8cm epoxy robomussel,3.Mid,Rocky,exposed,10/8/14,11/4/14
BMRMUSCABD181,USCABD,38.3185,-123.07395,Bodega Reserve,California,USA,8cm epoxy robomussel,4.Lower-Mid,Rocky,exposed,9/1/03,10/28/14
BMRMUSCACP343,USCACP,34.40673,-119.87829,Coal Oil Point,California,USA,8cm epoxy robomussel,3.Mid,Rocky,exposed,5/22/13,10/28/14
BMRMUSCACP346,USCACP,34.40673,-119.87829,Coal Oil Point,California,USA,8cm epoxy robomussel,4.Lower-Mid,Rocky,exposed,11/9/10,10/28/14
BMRMUSCACP341,USCACP,34.40673,-119.87829,Coal Oil Point,California,USA,8cm epoxy robomussel,2.Upper-Mid,Rocky,exposed,10/18/12,10/28/14
BMRMUSCACP348,USCACP,34.40673,-119.87829,Coal Oil Point,California,USA,8cm epoxy robomussel,5.Low,Rocky,exposed,11/9/10,10/28/14
BMRMUSORSH17,USORSH,44.24992,-124.11357,Strawberry Hill,Oregon,USA,8cm epoxy robomussel,1.High,Rocky,protected,5/25/01,10/28/14
BMRMUSORSH19,USORSH,44.24992,-124.11357,Strawberry Hill,Oregon,USA,8cm epoxy robomussel,5.Low,Rocky,protected,5/22/00,10/28/14
BMRMUSORSH18,USORSH,44.24992,-124.11357,Strawberry Hill,Oregon,USA,8cm epoxy robomussel,3.Mid,Rocky,protected,5/22/00,10/28/14
BMRMUSORSH21,USORSH,44.24992,-124.11357,Strawberry Hill,Oregon,USA,8cm epoxy robomussel,3.Mid,Rocky,exposed,5/22/00,10/28/14
BMRMUSORSH24,USORSH,44.24992,-124.11357,Strawberry Hill,Oregon,USA,8cm epoxy robomussel,1.High,Rocky,protected,5/7/04,10/28/14
BMRMUSORSH22,USORSH,44.24992,-124.11357,Strawberry Hill,Oregon,USA,8cm epoxy robomussel,3.Mid,Rocky,exposed,6/18/03,10/28/14
BMRMZANCHO300,ZANCHO,-30.306139,17.270707,Hondeklipbaai,Northern Cape,South Africa,8cm epoxy robomussel,3.Mid,Rocky,exposed,8/30/14,10/12/14
BMRMZAWCDO300,ZAWCDO,-31.800370,18.229809,Doringbaai,Western Cape,South Africa,8cm epoxy robomussel,3.Mid,Rocky,exposed,8/29/14,10/11/14
BMRMZAWCDO800,ZAWCDO,-31.800370,18.229809,Doringbaai,Western Cape,South Africa,8cm epoxy robomussel,3.Mid,Rocky,exposed,8/29/14,10/11/14
BMRMZAWCPN700,ZAWCPN,-32.801940,17.898330,Paternoster,Western Cape,South Africa,8cm epoxy robomussel,3.Mid,Rocky,exposed,8/12/14,10/10/14
BMRMZAECJO70,ZAECJO,-34.419813,21.357435,Jongensfontein,Eastern Cape,South Africa,8cm epoxy robomussel,3.Mid,Rocky,exposed,8/27/14,10/9/14
BMRMZAECJO80,ZAECJO,-34.419813,21.357435,Jongensfontein,Eastern Cape,South Africa,8cm epoxy robomussel,3.Mid,Rocky,exposed,8/27/14,10/9/14
BMRMZAWCBT100,ZAWCBT,-34.075213,23.023874,Brenton,Western Cape,South Africa,8cm epoxy robomussel,3.Mid,Rocky,exposed,8/26/14,10/8/14
BMRMZAWCBT150,ZAWCBT,-34.075213,23.023874,Brenton,Western Cape,South Africa,8cm epoxy robomussel,3.Mid,Rocky,exposed,6/14/14,10/8/14
BMRMZAWCBT200,ZAWCBT,-34.075213,23.023874,Brenton,Western Cape,South Africa,8cm epoxy robomussel,3.Mid,Rocky,exposed,6/14/14,10/8/14
BMRMZAECCA50,ZAECCA,-34.209481,24.837365,Cape St Francis,Eastern Cape,South Africa,8cm epoxy robomussel,3.Mid,Rocky,exposed,6/13/14,10/8/14
BMRMZAECCA20,ZAECCA,-34.209481,24.837365,Cape St Francis,Eastern Cape,South Africa,8cm epoxy robomussel,3.Mid,Rocky,exposed,8/26/14,10/8/14
BMRMZAECMB70,ZAECMB,-32.711101,28.339619,Morgans Bay,Eastern Cape,South Africa,8cm epoxy robomussel,3.Mid,Rocky,moderately exposed,8/1/14,10/7/14
BMRMZAECMB80,ZAECMB,-32.711101,28.339619,Morgans Bay,Eastern Cape,South Africa,8cm epoxy robomussel,3.Mid,Rocky,moderately exposed,8/1/14,10/7/14
BMRMZAKNBA100,ZAKNBA,-29.483833,31.259218,Ballito,KwaZulu-Natal,South Africa,8cm epoxy robomussel,3.Mid,Rocky,exposed,8/24/14,10/6/14
BMRMZAKNBA30,ZAKNBA,-29.483833,31.259218,Ballito,KwaZulu-Natal,South Africa,8cm epoxy robomussel,3.Mid,Rocky,exposed,8/28/14,10/6/14
BMRMZAKNBA90,ZAKNBA,-29.483833,31.259218,Ballito,KwaZulu-Natal,South Africa,8cm epoxy robomussel,3.Mid,Rocky,exposed,6/10/14,10/6/14
BMRMZAKNPE30,ZAKNPE,-31.048014,30.230186,Port Edward,KwaZulu-Natal,South Africa,8cm epoxy robomussel,3.Mid,Rocky,exposed,8/30/14,10/6/14
BMRMZAKNPE60,ZAKNPE,-31.048014,30.230186,Port Edward,KwaZulu-Natal,South Africa,8cm epoxy robomussel,3.Mid,Rocky,exposed,6/18/14,10/6/14
BMRMZANCHO500,ZANCHO,-30.306139,17.270707,Hondeklipbaai,Northern Cape,South Africa,8cm epoxy robomussel,3.Mid,Rocky,exposed,6/18/14,9/26/14
BMRMZAKNBA40,ZAKNBA,-29.483833,31.259218,Ballito,KwaZulu-Natal,South Africa,8cm epoxy robomussel,3.Mid,Rocky,exposed,8/28/14,9/10/14
BMRMUSCABD178,USCABD,38.3185,-123.07395,Bodega Reserve,California,USA,8cm epoxy robomussel,3.Mid,Rocky,exposed,3/12/04,9/9/14
BMRMUSCABD179,USCABD,38.3185,-123.07395,Bodega Reserve,California,USA,8cm epoxy robomussel,3.Mid,Rocky,exposed,3/12/04,9/9/14
BMRMUSCABD182,USCABD,38.3185,-123.07395,Bodega Reserve,California,USA,8cm epoxy robomussel,3.Mid,Rocky,exposed,3/12/04,9/9/14
BMRMUSCABD183,USCABD,38.3185,-123.07395,Bodega Reserve,California,USA,8cm epoxy robomussel,2.Upper-Mid,Rocky,exposed,9/1/03,9/9/14
BMRMUSCAVL323,USCAVL,33.98366667,-119.6657667,Valley,California,USA,8cm epoxy robomussel,5.Low,Rocky,exposed,11/16/12,9/5/14
BMRMUSCAVL367,USCAVL,33.98366667,-119.6657667,Valley,California,USA,8cm epoxy robomussel,1.High,Rocky,exposed,11/21/10,9/5/14
BMRMUSCAVL321,USCAVL,33.98366667,-119.6657667,Valley,California,USA,8cm epoxy robomussel,2.Upper-Mid,Rocky,exposed,12/12/04,9/5/14
BMRMUSCAVL324,USCAVL,33.98366667,-119.6657667,Valley,California,USA,8cm epoxy robomussel,5.Low,Rocky,exposed,11/19/12,9/5/14
BMRMUSCAVL369,USCAVL,33.98366667,-119.6657667,Valley,California,USA,8cm epoxy robomussel,3.Mid,Rocky,exposed,11/21/12,9/5/14
BMRMUSCAVL162,USCAVL,33.98366667,-119.6657667,Valley,California,USA,8cm epoxy robomussel,3.Mid,Rocky,exposed,12/12/04,9/5/14
BMRMUSCAVL322,USCAVL,33.98366667,-119.6657667,Valley,California,USA,8cm epoxy robomussel,4.Lower-Mid,Rocky,exposed,10/7/06,9/5/14
BMRMUSCATL330,USCATL,34.05165,-119.9032,Trailer,California,USA,8cm epoxy robomussel,3.Mid,Rocky,exposed,11/23/11,9/5/14
BMRMUSCATL326,USCATL,34.05165,-119.9032,Trailer,California,USA,8cm epoxy robomussel,3.Mid,Rocky,exposed,1/1/11,9/5/14
BMRMZAKNBA20,ZAKNBA,-29.483833,31.259218,Ballito,KwaZulu-Natal,South Africa,8cm epoxy robomussel,3.Mid,Rocky,exposed,7/17/14,8/28/14
BMRMZANCHO600,ZANCHO,-30.306139,17.270707,Hondeklipbaai,Northern Cape,South Africa,8cm epoxy robomussel,3.Mid,Rocky,exposed,6/18/14,8/14/14
BMRMZAWCDO200,ZAWCDO,-31.800370,18.229809,Doringbaai,Western Cape,South Africa,8cm epoxy robomussel,3.Mid,Rocky,exposed,7/1/14,8/13/14
BMRMZAWCPN800,ZAWCPN,-32.801940,17.898330,Paternoster,Western Cape,South Africa,8cm epoxy robomussel,3.Mid,Rocky,exposed,6/17/14,8/13/14
BMRMZAWCDO500,ZAWCDO,-31.800370,18.229809,Doringbaai,Western Cape,South Africa,8cm epoxy robomussel,3.Mid,Rocky,exposed,6/17/14,8/13/14
BMRMZAWCPN101,ZAWCPN,-32.801940,17.898330,Paternoster,Western Cape,South Africa,8cm epoxy robomussel,3.Mid,Rocky,exposed,6/16/14,8/12/14
BMRMZAWCPN300,ZAWCPN,-32.801940,17.898330,Paternoster,Western Cape,South Africa,8cm epoxy robomussel,3.Mid,Rocky,exposed,6/30/14,8/12/14
BMRMZAWCPN600,ZAWCPN,-32.801940,17.898330,Paternoster,Western Cape,South Africa,8cm epoxy robomussel,3.Mid,Rocky,exposed,6/16/14,8/12/14
BMRMZAECJO150,ZAECJO,-34.419813,21.357435,Jongensfontein,Eastern Cape,South Africa,8cm epoxy robomussel,3.Mid,Rocky,exposed,7/14/14,8/11/14
BMRMZAECJO160,ZAECJO,-34.419813,21.357435,Jongensfontein,Eastern Cape,South Africa,8cm epoxy robomussel,3.Mid,Rocky,exposed,7/14/14,8/11/14
BMRMZAECJO180,ZAECJO,-34.419813,21.357435,Jongensfontein,Eastern Cape,South Africa,8cm epoxy robomussel,3.Mid,Rocky,exposed,7/14/14,8/11/14
BMRMZAECJO190,ZAECJO,-34.419813,21.357435,Jongensfontein,Eastern Cape,South Africa,8cm epoxy robomussel,3.Mid,Rocky,exposed,7/14/14,8/11/14
BMRMZAECJO200,ZAECJO,-34.419813,21.357435,Jongensfontein,Eastern Cape,South Africa,8cm epoxy robomussel,3.Mid,Rocky,exposed,7/14/14,8/11/14
BMRMZAECJO50,ZAECJO,-34.419813,21.357435,Jongensfontein,Eastern Cape,South Africa,8cm epoxy robomussel,3.Mid,Rocky,exposed,7/14/14,8/11/14
BMRMZAECJO60,ZAECJO,-34.419813,21.357435,Jongensfontein,Eastern Cape,South Africa,8cm epoxy robomussel,3.Mid,Rocky,exposed,7/14/14,8/11/14
BMRMZAWCBT70,ZAWCBT,-34.075213,23.023874,Brenton,Western Cape,South Africa,8cm epoxy robomussel,3.Mid,Rocky,exposed,6/14/14,8/10/14
BMRMZAWCBT80,ZAWCBT,-34.075213,23.023874,Brenton,Western Cape,South Africa,8cm epoxy robomussel,3.Mid,Rocky,exposed,6/14/14,8/10/14
BMRMZAWCBT90,ZAWCBT,-34.075213,23.023874,Brenton,Western Cape,South Africa,8cm epoxy robomussel,3.Mid,Rocky,exposed,7/13/14,8/10/14
BMRMZAECCA100,ZAECCA,-34.209481,24.837365,Cape St Francis,Eastern Cape,South Africa,8cm epoxy robomussel,3.Mid,Rocky,exposed,6/13/14,8/9/14
BMRMZAECCA40,ZAECCA,-34.209481,24.837365,Cape St Francis,Eastern Cape,South Africa,8cm epoxy robomussel,3.Mid,Rocky,exposed,6/13/14,8/9/14
BMRMZAECMB50,ZAECMB,-32.711101,28.339619,Morgans Bay,Eastern Cape,South Africa,8cm epoxy robomussel,3.Mid,Rocky,moderately exposed,6/12/14,8/1/14
BMRMZAECMB60,ZAECMB,-32.711101,28.339619,Morgans Bay,Eastern Cape,South Africa,8cm epoxy robomussel,3.Mid,Rocky,moderately exposed,6/12/14,8/1/14
BMRMZAKNPE10,ZAKNPE,-31.048014,30.230186,Port Edward,KwaZulu-Natal,South Africa,8cm epoxy robomussel,3.Mid,Rocky,exposed,6/18/14,7/31/14
BMRMZAKNPE20,ZAKNPE,-31.048014,30.230186,Port Edward,KwaZulu-Natal,South Africa,8cm epoxy robomussel,3.Mid,Rocky,exposed,6/18/14,7/31/14
BMRMZAKNBA10,ZAKNBA,-29.483833,31.259218,Ballito,KwaZulu-Natal,South Africa,8cm epoxy robomussel,3.Mid,Rocky,exposed,6/18/14,7/30/14
BMRMZAKNBA70,ZAKNBA,-29.483833,31.259218,Ballito,KwaZulu-Natal,South Africa,8cm epoxy robomussel,3.Mid,Rocky,exposed,6/10/14,7/30/14
BMRMZAKNBA80,ZAKNBA,-29.483833,31.259218,Ballito,KwaZulu-Natal,South Africa,8cm epoxy robomussel,3.Mid,Rocky,exposed,6/10/14,7/30/14
BMRMZAWCBT10,ZAWCBT,-34.075213,23.023874,Brenton,Western Cape,South Africa,8cm epoxy robomussel,3.Mid,Rocky,exposed,7/4/14,7/13/14
BMRMZAWCBT140,ZAWCBT,-34.075213,23.023874,Brenton,Western Cape,South Africa,8cm epoxy robomussel,3.Mid,Rocky,exposed,6/14/14,7/13/14
BMRMZAWCBT170,ZAWCBT,-34.075213,23.023874,Brenton,Western Cape,South Africa,8cm epoxy robomussel,3.Mid,Rocky,exposed,6/14/14,7/13/14
BMRMZAWCBT190,ZAWCBT,-34.075213,23.023874,Brenton,Western Cape,South Africa,8cm epoxy robomussel,3.Mid,Rocky,exposed,6/14/14,7/13/14
BMRMZAWCBT50,ZAWCBT,-34.075213,23.023874,Brenton,Western Cape,South Africa,8cm epoxy robomussel,3.Mid,Rocky,exposed,6/14/14,7/13/14
BMRMZAWCBT60,ZAWCBT,-34.075213,23.023874,Brenton,Western Cape,South Africa,8cm epoxy robomussel,3.Mid,Rocky,exposed,6/14/14,7/13/14
BMRMZAECCA150,ZAECCA,-34.209481,24.837365,Cape St Francis,Eastern Cape,South Africa,8cm epoxy robomussel,3.Mid,Rocky,exposed,6/13/14,7/11/14
BMRMUSORFC4,USORFC,44.83733333,-124.05845,Fogarty Creek,Oregon,USA,8cm epoxy robomussel,5.Low,Rocky,exposed,7/11/06,5/17/14
BMRMUSCAFR368,USCAFR,34.06271667,-119.9192167,Fraser,California,USA,8cm epoxy robomussel,1.High,Rocky,exposed,11/14/12,5/1/14
BMRMUSCAFR367,USCAFR,34.06271667,-119.9192167,Fraser,California,USA,8cm epoxy robomussel,3.Mid,Rocky,exposed,11/14/12,5/1/14
BMRMUSCAFR369,USCAFR,34.06271667,-119.9192167,Fraser,California,USA,8cm epoxy robomussel,5.Low,Rocky,exposed,11/4/13,4/30/14
BMRMUSORSH23,USORSH,44.24992,-124.11357,Strawberry Hill,Oregon,USA,8cm epoxy robomussel,3.Mid,Rocky,exposed,4/20/03,3/31/14
BMRMUSORBB14,USORBB,44.83064,-124.06005,Boiler Bay,Oregon,USA,8cm epoxy robomussel,5.Low,Rocky,protected,5/7/04,3/31/14
BMRMUSORBB8,USORBB,44.83064,-124.06005,Boiler Bay,Oregon,USA,8cm epoxy robomussel,2.Upper-Mid,Rocky,intermediate,8/30/04,3/31/14
BMRMUSCAAG320,USCAAG,34.46716667,-120.2770333,Alegria,California,USA,8cm epoxy robomussel,1.High,Rocky,exposed,8/4/12,3/21/14
BMRMUSCALL63,USCALL,34.71911,-120.60889,Lompoc Landing,California,USA,8cm epoxy robomussel,5.Low,Rocky,exposed,4/12/08,3/20/14
BMRMUSCAWL3,USCAWL,33.96178333,-119.75485,Willows,California,USA,8cm epoxy robomussel,3.Mid,Rocky,exposed,1/1/13,2/10/14
BMRMUSWACP106,USWACP,48.45135,-122.9617833,Cattle Point,Washington,USA,8cm epoxy robomussel,5.Low,Rocky,protected,5/26/02,1/23/14
BMRMUSCAVL368,USCAVL,33.98366667,-119.6657667,Valley,California,USA,8cm epoxy robomussel,3.Mid,Rocky,exposed,11/21/10,1/21/14
BMRMUSCATL328,USCATL,34.05165,-119.9032,Trailer,California,USA,8cm epoxy robomussel,5.Low,Rocky,exposed,7/12/13,1/20/14
BMRMUSCALLGP1,USCALL,34.71911,-120.60889,Lompoc Landing,California,USA,8cm epoxy robomussel,3.Mid,Rocky,exposed,4/11/12,12/18/13
BMRMUSCALLGP5,USCALL,34.71911,-120.60889,Lompoc Landing,California,USA,8cm epoxy robomussel,3.Mid,Rocky,exposed,4/11/12,12/18/13
BMRMUSCABD3,USCABD,38.3185,-123.07395,Bodega Reserve,California,USA,8cm epoxy robomussel,3.Mid,Rocky,exposed,4/13/12,12/12/13
BMRMUSCABD4,USCABD,38.3185,-123.07395,Bodega Reserve,California,USA,8cm epoxy robomussel,3.Mid,Rocky,exposed,4/12/12,12/12/13
BMRMUSCAAGOMEGAS2,USCAAG,34.46716667,-120.2770333,Alegria,California,USA,8cm epoxy robomussel,3.Mid,Rocky,exposed,4/11/12,12/1/13
BMRMUSCAAGOMEGAS4,USCAAG,34.46716667,-120.2770333,Alegria,California,USA,8cm epoxy robomussel,3.Mid,Rocky,exposed,4/10/12,11/28/13
BMRMUSCAHSGP1,USCAHS,36.62193333,-121.9053167,Hopkins,California,USA,8cm epoxy robomussel,4.Lower-Mid,Rocky,exposed,4/10/12,10/8/13
BMRMUSCAHSGP4,USCAHS,36.62193333,-121.9053167,Hopkins,California,USA,8cm epoxy robomussel,4.Lower-Mid,Rocky,exposed,4/14/12,10/8/13
BMRMUSCABD184,USCABD,38.3185,-123.07395,Bodega Reserve,California,USA,8cm epoxy robomussel,1.High,Rocky,exposed,3/12/04,10/7/13
BMRMUSCAVD1,USCAVD,41.06205,-124.14925,Trinidad,California,USA,8cm epoxy robomussel,3.Mid,Rocky,exposed,4/28/12,10/6/13
BMRMUSCAVD2,USCAVD,41.06205,-124.14925,Trinidad,California,USA,8cm epoxy robomussel,3.Mid,Rocky,exposed,4/28/12,10/6/13
BMRMUSCABD180,USCABD,38.3185,-123.07395,Bodega Reserve,California,USA,8cm epoxy robomussel,5.Low,Rocky,exposed,5/12/04,9/22/13
BMRMUSORFC5,USORFC,44.83733333,-124.05845,Fogarty Creek,Oregon,USA,8cm epoxy robomussel,4.Lower-Mid,Rocky,exposed,4/26/13,9/22/13
BMRMUSORFC2OA,USORFC,44.83733333,-124.05845,Fogarty Creek,Oregon,USA,8cm epoxy robomussel,4.Lower-Mid,Rocky,exposed,4/26/13,9/22/13
BMRMUSORSH3,USORSH,44.24992,-124.11357,Strawberry Hill,Oregon,USA,8cm epoxy robomussel,4.Lower-Mid,Rocky,exposed,7/13/06,9/20/13
BMRMUSMADC500,USMADC,42.423707,-70.921884,Dorothy Cove,Massachusetts,USA,4cm shell robomussel,1.High,Rocky,exposed,6/25/13,8/21/13
BMRMUSCACA328,USCACA,35.54,-121.0929167,Cambria,California,USA,8cm epoxy robomussel,3.Mid,Rocky,exposed,10/15/12,8/10/13
BMRMUSCAPD321,USCAPD,35.66581667,-121.2867167,Piedras,California,USA,8cm epoxy robomussel,3.Mid,Rocky,exposed,11/6/10,8/10/13
BMRMUSCACA333,USCACA,35.54,-121.0929167,Cambria,California,USA,8cm epoxy robomussel,3.Mid,Rocky,exposed,11/17/10,8/10/13
BMRMUSCAWL2,USCAWL,33.96178333,-119.75485,Willows,California,USA,8cm epoxy robomussel,2.Upper-Mid,Rocky,exposed,11/16/12,7/1/13
BMRMUSORBB10,USORBB,44.83064,-124.06005,Boiler Bay,Oregon,USA,8cm epoxy robomussel,3.Mid,Rocky,protected,10/16/00,6/21/13
BMRMUSORSH15,USORSH,44.24992,-124.11357,Strawberry Hill,Oregon,USA,8cm epoxy robomussel,3.Mid,Rocky,protected,5/22/00,6/20/13
BMRMUSORSH30,USORSH,44.24992,-124.11357,Strawberry Hill,Oregon,USA,8cm epoxy robomussel,3.Mid,Rocky,exposed,10/17/00,6/20/13
BMRMUSCACA330,USCACA,35.54,-121.0929167,Cambria,California,USA,8cm epoxy robomussel,4.Lower-Mid,Rocky,exposed,10/14/12,5/25/13
BMRMUSCAAG31,USCAAG,34.46716667,-120.2770333,Alegria,California,USA,8cm epoxy robomussel,2.Upper-Mid,Rocky,exposed,7/19/04,4/28/13
BMRMUSSCOL374,USSCOL,33.349531,-79.188833,Oyster Landing,South Carolina,USA,8cm shell robomussel,5.Low,Muddy,exposed,9/18/11,1/28/13
BMRMUSSCOL375,USSCOL,33.349531,-79.188833,Oyster Landing,South Carolina,USA,8cm shell robomussel,4.Lower-Mid,Muddy,exposed,9/18/11,1/28/13
BMRMUSSCOL376,USSCOL,33.349531,-79.188833,Oyster Landing,South Carolina,USA,8cm shell robomussel,3.Mid,Muddy,exposed,9/18/11,1/28/13
BMRMUSCAPD326,USCAPD,35.66581667,-121.2867167,Piedras,California,USA,8cm epoxy robomussel,3.Mid,Rocky,exposed,11/6/10,9/23/12
BMRMUSCACA332,USCACA,35.54,-121.0929167,Cambria,California,USA,8cm epoxy robomussel,3.Mid,Rocky,exposed,11/8/10,9/22/12
BMRMUSCALL64,USCALL,34.71911,-120.60889,Lompoc Landing,California,USA,8cm epoxy robomussel,5.Low,Rocky,exposed,4/12/08,8/3/12
BMRMUSCALS55,USCALS,34.71431667,-120.6075,Lompoc South,California,USA,8cm epoxy robomussel,3.Mid,Rocky,exposed,8/25/02,8/3/12
BMRMUSCALS56,USCALS,34.71431667,-120.6075,Lompoc South,California,USA,8cm epoxy robomussel,3.Mid,Rocky,exposed,8/25/02,8/3/12
BMRMUSCAJA339,USCAJA,34.49515,-120.4969,Jalama,California,USA,8cm epoxy robomussel,4.Lower-Mid,Rocky,exposed,11/8/10,7/1/12
BMRMUSCAJA338,USCAJA,34.49515,-120.4969,Jalama,California,USA,8cm epoxy robomussel,3.Mid,Rocky,exposed,11/24/11,7/1/12
BMRMUSORBB12,USORBB,44.83064,-124.06005,Boiler Bay,Oregon,USA,8cm epoxy robomussel,3.Mid,Rocky,protected,8/4/11,5/31/12
BMRMUSCAJA39,USCAJA,34.49515,-120.4969,Jalama,California,USA,8cm epoxy robomussel,1.High,Rocky,exposed,11/24/03,4/18/12
BMRMUSCALL100,USCALL,34.71911,-120.60889,Lompoc Landing,California,USA,8cm epoxy robomussel,3.Mid,Rocky,exposed,10/26/11,4/11/12
BMRMUSSCOL377,USSCOL,33.349531,-79.188833,Oyster Landing,South Carolina,USA,8cm shell robomussel,2.Upper-Mid,Muddy,exposed,9/18/11,1/23/12
BMRMUSSCOL378,USSCOL,33.349531,-79.188833,Oyster Landing,South Carolina,USA,8cm shell robomussel,1.High,Muddy,exposed,9/18/11,1/22/12
BMRMUSCAAG2,USCAAG,34.46716667,-120.2770333,Alegria,California,USA,8cm epoxy robomussel,4.Lower-Mid,Rocky,exposed,6/7/11,10/26/11
BMRMUSCAJA340,USCAJA,34.49515,-120.4969,Jalama,California,USA,8cm epoxy robomussel,5.Low,Rocky,exposed,11/8/10,9/1/11
BMRMUSCACA329,USCACA,35.54,-121.0929167,Cambria,California,USA,8cm epoxy robomussel,3.Mid,Rocky,exposed,11/17/10,9/1/11
BMRMUSCAPD168,USCAPD,35.66581667,-121.2867167,Piedras,California,USA,8cm epoxy robomussel,2.Upper-Mid,Rocky,exposed,3/21/04,9/1/11
BMRMUSCAPD327,USCAPD,35.66581667,-121.2867167,Piedras,California,USA,8cm epoxy robomussel,4.Lower-Mid,Rocky,exposed,11/6/10,9/1/11
BMRMUSCAJA337,USCAJA,34.49515,-120.4969,Jalama,California,USA,8cm epoxy robomussel,2.Upper-Mid,Rocky,exposed,11/8/10,9/1/11
BMRMUSCAWL371,USCAWL,33.96178333,-119.75485,Willows,California,USA,8cm epoxy robomussel,3.Mid,Rocky,exposed,11/22/10,6/29/11
BMRMUSCATL325,USCATL,34.05165,-119.9032,Trailer,California,USA,8cm epoxy robomussel,4.Lower-Mid,Rocky,exposed,12/13/04,12/31/10
BMRMUSCAWL154,USCAWL,33.96178333,-119.75485,Willows,California,USA,8cm epoxy robomussel,4.Lower-Mid,Rocky,exposed,4/23/06,11/21/10
BMRMUSCAWL326,USCAWL,33.96178333,-119.75485,Willows,California,USA,8cm epoxy robomussel,2.Upper-Mid,Rocky,exposed,12/14/04,11/21/10
BMRMUSCAVL161,USCAVL,33.98366667,-119.6657667,Valley,California,USA,8cm epoxy robomussel,1.High,Rocky,exposed,12/12/04,11/20/10
BMRMUSCAFR155,USCAFR,34.06271667,-119.9192167,Fraser,California,USA,8cm epoxy robomussel,4.Lower-Mid,Rocky,exposed,12/13/04,11/19/10
BMRMUSCAFR156,USCAFR,34.06271667,-119.9192167,Fraser,California,USA,8cm epoxy robomussel,3.Mid,Rocky,exposed,5/30/05,11/19/10
BMRMUSCAFR158,USCAFR,34.06271667,-119.9192167,Fraser,California,USA,8cm epoxy robomussel,1.High,Rocky,exposed,12/13/04,11/19/10
BMRMUSCATL323,USCATL,34.05165,-119.9032,Trailer,California,USA,8cm epoxy robomussel,2.Upper-Mid,Rocky,exposed,5/30/05,11/18/10
BMRMUSCAPR317,USCAPR,34.02041667,-119.6866333,Prisoners Harbor,California,USA,8cm epoxy robomussel,1.High,Rocky,exposed,1/1/05,11/17/10
BMRMUSCAPR318,USCAPR,34.02041667,-119.6866333,Prisoners Harbor,California,USA,8cm epoxy robomussel,2.Upper-Mid,Rocky,exposed,12/12/04,11/17/10
BMRMUSCAWL152,USCAWL,33.96178333,-119.75485,Willows,California,USA,8cm epoxy robomussel,1.High,Rocky,exposed,5/29/05,7/25/10
BMRMUSCAWL153,USCAWL,33.96178333,-119.75485,Willows,California,USA,8cm epoxy robomussel,3.Mid,Rocky,exposed,12/14/04,7/25/10
BMRMUSCALL48,USCALL,34.71911,-120.60889,Lompoc Landing,California,USA,8cm epoxy robomussel,2.Upper-Mid,Rocky,exposed,7/21/04,6/13/10
BMRMUSCACP58,USCACP,34.40673,-119.87829,Coal Oil Point,California,USA,8cm epoxy robomussel,2.Upper-Mid,Rocky,exposed,10/9/03,6/13/10
BMRMUSCACP59,USCACP,34.40673,-119.87829,Coal Oil Point,California,USA,8cm epoxy robomussel,3.Mid,Rocky,exposed,9/23/03,6/13/10
BMRMUSCACP60,USCACP,34.40673,-119.87829,Coal Oil Point,California,USA,8cm epoxy robomussel,4.Lower-Mid,Rocky,exposed,10/2/03,6/13/10
BMRMUSCACP62,USCACP,34.40673,-119.87829,Coal Oil Point,California,USA,8cm epoxy robomussel,3.Mid,Rocky,exposed,6/22/04,6/13/10
BMRMUSWACC129,USWACC,48.5494,-123.0059667,Colins Cove,Washington,USA,8cm epoxy robomussel,4.Lower-Mid,Rocky,protected,10/12/03,5/18/10
BMRMUSWACC130,USWACC,48.5494,-123.0059667,Colins Cove,Washington,USA,8cm epoxy robomussel,5.Low,Rocky,protected,5/26/02,5/18/10
BMRMUSWACC110,USWACC,48.5494,-123.0059667,Colins Cove,Washington,USA,8cm epoxy robomussel,3.Mid,Rocky,protected,5/4/04,5/18/10
BMRMUSCACP63,USCACP,34.40673,-119.87829,Coal Oil Point,California,USA,8cm epoxy robomussel,3.Mid,Rocky,exposed,6/9/04,4/20/10
BMRMUSCAAG34,USCAAG,34.46716667,-120.2770333,Alegria,California,USA,8cm epoxy robomussel,5.Low,Rocky,exposed,2/1/02,3/26/10
BMRMUSCALL46,USCALL,34.71911,-120.60889,Lompoc Landing,California,USA,8cm epoxy robomussel,1.High,Rocky,exposed,4/23/03,3/25/10
BMRMUSCAHS126,USCAHS,36.62193333,-121.9053167,Hopkins,California,USA,8cm epoxy robomussel,3.Mid,Rocky,exposed,6/6/00,12/6/09
BMRMCLCOMD5,CLTEMD,-29.5,-71.32,El Temblador,Coquimbo/La Serena,Chile,8cm epoxy robomussel,1.High,Rocky,exposed,7/25/09,11/28/09
BMRMUSCAFR157,USCAFR,34.06271667,-119.9192167,Fraser,California,USA,8cm epoxy robomussel,2.Upper-Mid,Rocky,exposed,5/30/05,11/2/09
BMRMUSCACP61,USCACP,34.40673,-119.87829,Coal Oil Point,California,USA,8cm epoxy robomussel,5.Low,Rocky,exposed,9/23/03,11/1/09
BMRMUSORCA144,USORCA,43.30664,-124.40235,Cape Arago,Oregon,USA,8cm epoxy robomussel,2.Upper-Mid,Rocky,exposed,2/7/05,10/21/09
BMRMUSORCA141,USORCA,43.30664,-124.40235,Cape Arago,Oregon,USA,8cm epoxy robomussel,3.Mid,Rocky,exposed,8/31/04,10/21/09
BMRMUSORCA145,USORCA,43.30664,-124.40235,Cape Arago,Oregon,USA,8cm epoxy robomussel,3.Mid,Rocky,exposed,8/31/04,10/21/09
BMRMUSORCA146,USORCA,43.30664,-124.40235,Cape Arago,Oregon,USA,8cm epoxy robomussel,4.Lower-Mid,Rocky,exposed,3/28/04,10/21/09
BMRMUSORCA147,USORCA,43.30664,-124.40235,Cape Arago,Oregon,USA,8cm epoxy robomussel,5.Low,Rocky,exposed,11/19/05,10/21/09
BMRMUSCAAG33,USCAAG,34.46716667,-120.2770333,Alegria,California,USA,8cm epoxy robomussel,4.Lower-Mid,Rocky,exposed,2/1/02,10/19/09
BMRMUSWACC109,USWACC,48.5494,-123.0059667,Colins Cove,Washington,USA,8cm epoxy robomussel,2.Upper-Mid,Rocky,protected,10/8/03,10/6/09
BMRMUSWACC103,USWACC,48.5494,-123.0059667,Colins Cove,Washington,USA,8cm epoxy robomussel,1.High,Rocky,protected,5/27/02,9/1/09
BMRMMXBCBE1,MXBCBE,26.23765623,-112.47857,Baja Escorpion (San Juanico),Baja,Mexico,8cm epoxy robomussel,1.High,Rocky,N/A,11/15/08,8/15/09
BMRMMXBCBE4,MXBCBE,26.23765623,-112.47857,Baja Escorpion (San Juanico),Baja,Mexico,8cm epoxy robomussel,4.Lower-Mid,Rocky,N/A,11/15/08,8/15/09
BMRMUSCATR174,USCATR,41.06205,-124.14925,Terrace Point,California,USA,8cm epoxy robomussel,3.Mid,Rocky,exposed,9/2/04,8/7/09
BMRMUSCATR89,USCATR,41.06205,-124.14925,Terrace Point,California,USA,8cm epoxy robomussel,5.Low,Rocky,exposed,9/2/04,8/7/09
BMRMUSCATR91,USCATR,41.06205,-124.14925,Terrace Point,California,USA,8cm epoxy robomussel,3.Mid,Rocky,exposed,9/2/04,8/7/09
BMRMUSCATR92,USCATR,41.06205,-124.14925,Terrace Point,California,USA,8cm epoxy robomussel,1.High,Rocky,exposed,9/2/04,8/7/09
BMRMUSCATR93,USCATR,41.06205,-124.14925,Terrace Point,California,USA,8cm epoxy robomussel,3.Mid,Rocky,exposed,9/2/04,8/7/09
BMRMUSCACM2,USCACM,40.34798333,-124.3650167,Cape Mendocino,California,USA,8cm epoxy robomussel,3.Mid,Rocky,exposed,3/14/07,8/6/09
BMRMUSCACM3,USCACM,40.34798333,-124.3650167,Cape Mendocino,California,USA,8cm epoxy robomussel,1.High,Rocky,exposed,3/14/07,8/6/09
BMRMMXBCER313,MXBCER,31.32033333,-116.4362333,Erendira,Baja,Mexico,8cm epoxy robomussel,3.Mid,Rocky,exposed,12/7/06,7/24/09
BMRMMXBCBM312,MXBCBM,31.980278,-116.793889,Bajamar,Baja,Mexico,8cm epoxy robomussel,1.High,Rocky,exposed,12/6/06,7/23/09
BMRMMXBCBT3,MXBCBT,27.684879,-114.9365136,Baja Tortugas (Punta Eugenia),Baja,Mexico,8cm epoxy robomussel,1.High,Rocky,N/A,4/16/07,7/7/09
BMRMUSORCA142,USORCA,43.30664,-124.40235,Cape Arago,Oregon,USA,8cm epoxy robomussel,3.Mid,Rocky,exposed,11/19/05,5/19/09
BMRMUSORCA143,USORCA,43.30664,-124.40235,Cape Arago,Oregon,USA,8cm epoxy robomussel,1.High,Rocky,exposed,8/31/04,5/1/09
BMRMMXBCPB309,MXBCPB,29.94968333,-115.8134333,Punta Baja,Baja,Mexico,8cm epoxy robomussel,5.Low,Rocky,exposed,12/5/06,4/28/09
BMRMMXBCOJ306,MXBCOJ,28.88225,-114.4237667,Los Ojitos,Baja,Mexico,8cm epoxy robomussel,1.High,Rocky,exposed,6/16/07,4/27/09
BMRMMXBCOJ308,MXBCOJ,28.88225,-114.4237667,Los Ojitos,Baja,Mexico,8cm epoxy robomussel,5.Low,Rocky,exposed,12/10/07,4/27/09
BMRMUSWACC131,USWACC,48.5494,-123.0059667,Colins Cove,Washington,USA,8cm epoxy robomussel,3.Mid,Rocky,protected,5/6/04,4/17/09
BMRMMXBCCR3,MXBCCR,23.32882355,-110.1810739,Los Cerritos,Baja,Mexico,8cm epoxy robomussel,1.High,Rocky,N/A,3/22/08,4/15/09
BMRMUSCAPR319,USCAPR,34.02041667,-119.6866333,Prisoners Harbor,California,USA,8cm epoxy robomussel,3.Mid,Rocky,exposed,12/12/04,4/5/09
BMRMUSCAPR320,USCAPR,34.02041667,-119.6866333,Prisoners Harbor,California,USA,8cm epoxy robomussel,4.Lower-Mid,Rocky,exposed,12/12/04,4/5/09
BMRMUSCAAG36,USCAAG,34.46716667,-120.2770333,Alegria,California,USA,8cm epoxy robomussel,3.Mid,Rocky,exposed,1/11/01,3/31/09
BMRMUSCACM1,USCACM,40.34798333,-124.3650167,Cape Mendocino,California,USA,8cm epoxy robomussel,5.Low,Rocky,exposed,3/14/07,3/9/09
BMRMMXBCBM311,MXBCBM,31.980278,-116.793889,Bajamar,Baja,Mexico,8cm epoxy robomussel,3.Mid,Rocky,protected,12/6/06,3/8/09
BMRMMXBCER304,MXBCER,31.32033333,-116.4362333,Erendira,Baja,Mexico,8cm epoxy robomussel,5.Low,Rocky,exposed,6/6/07,3/7/09
BMRMMXBCER305,MXBCER,31.32033333,-116.4362333,Erendira,Baja,Mexico,8cm epoxy robomussel,1.High,Rocky,exposed,6/6/07,3/7/09
BMRMMXBCPM2,MXBCPM,31.861389,-116.667778,Punta Morro,Baja,Mexico,8cm epoxy robomussel,3.Mid,Rocky,exposed,6/7/07,3/6/09
BMRMMXBCPM3,MXBCPM,31.861389,-116.667778,Punta Morro,Baja,Mexico,8cm epoxy robomussel,1.High,Rocky,exposed,6/7/08,3/6/09
BMRMMXBCAB3,MXBCAB,26.72622266,-113.5450496,Punta Abreojo,Baja,Mexico,8cm epoxy robomussel,5.Low,Rocky,N/A,4/18/07,2/5/09
BMRMMXBCBT1,MXBCBT,27.684879,-114.9365136,Baja Tortugas (Punta Eugenia),Baja,Mexico,8cm epoxy robomussel,5.Low,Rocky,N/A,4/16/07,12/12/08
BMRMMXBCPB314,MXBCPB,29.94968333,-115.8134333,Punta Baja,Baja,Mexico,8cm epoxy robomussel,3.Mid,Rocky,exposed,12/5/06,11/15/08
BMRMMXBCPB313,MXBCPB,29.94968333,-115.8134333,Punta Baja,Baja,Mexico,8cm epoxy robomussel,1.High,Rocky,exposed,6/17/07,11/15/08
BMRMMXBCBM310,MXBCBM,31.980278,-116.793889,Bajamar,Baja,Mexico,8cm epoxy robomussel,5.Low,Rocky,protected,12/6/06,11/14/08
BMRMMXBCES301,MXBCES,28.51683333,-114.0724,Esmeralda,Baja,Mexico,8cm epoxy robomussel,1.High,Rocky,exposed,6/15/07,11/12/08
BMRMMXBCES302,MXBCES,28.51683333,-114.0724,Esmeralda,Baja,Mexico,8cm epoxy robomussel,3.Mid,Rocky,exposed,6/15/07,11/12/08
BMRMMXBCES303,MXBCES,28.51683333,-114.0724,Esmeralda,Baja,Mexico,8cm epoxy robomussel,5.Low,Rocky,exposed,6/15/07,11/12/08
BMRMMXBCPM1,MXBCPM,31.861389,-116.667778,Punta Morro,Baja,Mexico,8cm epoxy robomussel,5.Low,Rocky,exposed,6/7/07,11/12/08
BMRMMXBCCR1,MXBCCR,23.32882355,-110.1810739,Los Cerritos,Baja,Mexico,8cm epoxy robomussel,5.Low,Rocky,N/A,3/22/08,10/29/08
BMRMMXBCCR2,MXBCCR,23.32882355,-110.1810739,Los Cerritos,Baja,Mexico,8cm epoxy robomussel,3.Mid,Rocky,N/A,3/22/08,10/29/08
BMRMNZCBBT1,NZCBBT,-43.3506,172.79015,Box Thumb,Cantebury,New Zealand,8cm epoxy robomussel,1.High,Rocky,exposed,10/24/07,8/17/08
BMRMNZCBBT2,NZCBBT,-43.3506,172.79015,Box Thumb,Cantebury,New Zealand,8cm epoxy robomussel,1.High,Rocky,exposed,10/24/07,8/17/08
BMRMNZWCWB1,NZWCWB,-42.019,171.22712,Woodpecker Bay,West Coast,New Zealand,8cm epoxy robomussel,1.High,Rocky,exposed,10/26/07,8/17/08
BMRMNZWCWB4,NZWCWB,-42.019,171.22712,Woodpecker Bay,West Coast,New Zealand,8cm epoxy robomussel,3.Mid,Rocky,exposed,3/28/06,8/17/08
BMRMNZWCWB5,NZWCWB,-42.019,171.22712,Woodpecker Bay,West Coast,New Zealand,8cm epoxy robomussel,5.Low,Rocky,exposed,3/28/06,8/17/08
BMRMNZWCWB6,NZWCWB,-42.019,171.22712,Woodpecker Bay,West Coast,New Zealand,8cm epoxy robomussel,5.Low,Rocky,exposed,10/28/07,8/17/08
BMRMNZCBBT4,NZCBBT,-43.3506,172.79015,Box Thumb,Cantebury,New Zealand,8cm epoxy robomussel,3.Mid,Rocky,exposed,10/24/07,8/17/08
BMRMUSCACI100,USCACI,33.45139,-118.48611,Bird Rock,California,USA,8cm epoxy robomussel,3.Mid,Rocky,intermediate,5/4/08,8/2/08
BMRMUSCACI101,USCACI,33.45139,-118.48611,Bird Rock,California,USA,8cm epoxy robomussel,3.Mid,Rocky,exposed,5/4/08,8/2/08
BMRMUSCACI413,USCACI,33.45139,-118.48611,Bird Rock,California,USA,8cm epoxy robomussel,3.Mid,Rocky,exposed,5/4/08,8/2/08
BMRMUSCACI450,USCACI,33.45139,-118.48611,Bird Rock,California,USA,8cm epoxy robomussel,3.Mid,Rocky,intermediate,5/4/08,8/2/08
BMRMUSCACI560,USCACI,33.45139,-118.48611,Bird Rock,California,USA,8cm epoxy robomussel,3.Mid,Rocky,intermediate,5/4/08,8/2/08
BMRMUSCACI566,USCACI,33.45139,-118.48611,Bird Rock,California,USA,8cm epoxy robomussel,3.Mid,Rocky,exposed,5/4/08,8/2/08
BMRMUSCACI603,USCACI,33.45139,-118.48611,Bird Rock,California,USA,8cm epoxy robomussel,3.Mid,Rocky,intermediate,5/4/08,8/2/08
BMRMUSCACI604,USCACI,33.45139,-118.48611,Bird Rock,California,USA,8cm epoxy robomussel,3.Mid,Rocky,protected,5/4/08,8/2/08
BMRMUSCACI671,USCACI,33.45139,-118.48611,Bird Rock,California,USA,8cm epoxy robomussel,3.Mid,Rocky,intermediate,5/4/08,8/2/08
BMRMUSCACI702,USCACI,33.45139,-118.48611,Bird Rock,California,USA,8cm epoxy robomussel,3.Mid,Rocky,intermediate,5/4/08,8/2/08
BMRMUSCACI704,USCACI,33.45139,-118.48611,Bird Rock,California,USA,8cm epoxy robomussel,3.Mid,Rocky,exposed,5/4/08,8/2/08
BMRMUSCACI706,USCACI,33.45139,-118.48611,Bird Rock,California,USA,8cm epoxy robomussel,3.Mid,Rocky,exposed,5/4/08,8/2/08
BMRMUSCACI707,USCACI,33.45139,-118.48611,Bird Rock,California,USA,8cm epoxy robomussel,3.Mid,Rocky,intermediate,5/4/08,8/2/08
BMRMUSCACI976,USCACI,33.45139,-118.48611,Bird Rock,California,USA,8cm epoxy robomussel,3.Mid,Rocky,protected,5/4/08,8/2/08
BMRMMXBCOJ307,MXBCOJ,28.88225,-114.4237667,Los Ojitos,Baja,Mexico,8cm epoxy robomussel,3.Mid,Rocky,exposed,12/5/06,6/6/08
BMRMNZAKPK307,NZAKPK,-36.2598,174.7530667,Pakiri,Auckland,New Zealand,8cm epoxy robomussel,3.Mid,Rocky,exposed,1/31/08,2/27/08
BMRMNZAKPK308,NZAKPK,-36.2598,174.7530667,Pakiri,Auckland,New Zealand,8cm epoxy robomussel,3.Mid,Rocky,exposed,1/31/08,2/27/08
BMRMNZAKAW186,NZAKAW,-36.917,174.4500333,Anawhata,Auckland,New Zealand,8cm epoxy robomussel,5.Low,Rocky,exposed,2/2/06,2/24/08
BMRMNZAKAW187,NZAKAW,-36.917,174.4500333,Anawhata,Auckland,New Zealand,8cm epoxy robomussel,3.Mid,Rocky,exposed,1/13/08,2/24/08
BMRMNZAKAW189,NZAKAW,-36.917,174.4500333,Anawhata,Auckland,New Zealand,8cm epoxy robomussel,3.Mid,Rocky,exposed,1/13/08,2/24/08
BMRMMXBCAB1,MXBCAB,26.72622266,-113.5450496,Punta Abreojo,Baja,Mexico,8cm epoxy robomussel,1.High,Rocky,N/A,4/18/07,1/13/08
BMRMMXBCBT2,MXBCBT,27.684879,-114.9365136,Baja Tortugas (Punta Eugenia),Baja,Mexico,8cm epoxy robomussel,3.Mid,Rocky,N/A,4/16/07,1/13/08
BMRMZAWCYZ200,ZAWCYZ,-33.34666,18.15305,Yzerfontein,Western Cape,South Africa,8cm epoxy robomussel,5.Low,Rocky,moderately exposed,8/4/07,12/31/07
BMRMZAWCRO100,ZAWCRO,-34.10222,23.38083,Robberg,Western Cape,South Africa,8cm epoxy robomussel,5.Low,Rocky,moderately exposed,6/6/07,11/2/07
BMRMZAWCRO200,ZAWCRO,-34.10222,23.38083,Robberg,Western Cape,South Africa,8cm epoxy robomussel,5.Low,Rocky,moderately exposed,6/6/07,11/2/07
BMRMZAWCRO400,ZAWCRO,-34.10222,23.38083,Robberg,Western Cape,South Africa,8cm epoxy robomussel,5.Low,Rocky,moderately exposed,6/6/07,11/2/07
BMRMZAECKB300,ZAECKB,-33.1475,27.70333,Kidd's Beach,Eastern Cape,South Africa,8cm epoxy robomussel,5.Low,Rocky,moderately exposed,8/19/07,8/24/07
BMRMUSWACC136,USWACC,48.5494,-123.0059667,Colins Cove,Washington,USA,8cm epoxy robomussel,3.Mid,Rocky,protected,5/6/04,8/22/07
BMRMZAECKB100,ZAECKB,-33.1475,27.70333,Kidd's Beach,Eastern Cape,South Africa,8cm epoxy robomussel,5.Low,Rocky,moderately exposed,5/23/07,8/17/07
BMRMZAECKB101,ZAECKB,-33.1475,27.70333,Kidd's Beach,Eastern Cape,South Africa,8cm epoxy robomussel,5.Low,Rocky,moderately exposed,5/23/07,8/17/07
BMRMZAECKB200,ZAECKB,-33.1475,27.70333,Kidd's Beach,Eastern Cape,South Africa,8cm epoxy robomussel,5.Low,Rocky,moderately exposed,5/23/07,8/17/07
BMRMZAECKB201,ZAECKB,-33.1475,27.70333,Kidd's Beach,Eastern Cape,South Africa,8cm epoxy robomussel,5.Low,Rocky,moderately exposed,5/23/07,8/17/07
BMRMZAECKE100,ZAECKE,-33.69416,26.66777,Kenton-on-sea,Eastern Cape,South Africa,8cm epoxy robomussel,5.Low,Rocky,moderately exposed,5/24/07,8/17/07
BMRMZAECKE101,ZAECKE,-33.69416,26.66777,Kenton-on-sea,Eastern Cape,South Africa,8cm epoxy robomussel,5.Low,Rocky,moderately exposed,5/24/07,8/17/07
BMRMZAECKE200,ZAECKE,-33.69416,26.66777,Kenton-on-sea,Eastern Cape,South Africa,8cm epoxy robomussel,5.Low,Rocky,moderately exposed,5/24/07,8/17/07
BMRMZAECKE201,ZAECKE,-33.69416,26.66777,Kenton-on-sea,Eastern Cape,South Africa,8cm epoxy robomussel,5.Low,Rocky,moderately exposed,5/24/07,8/17/07
BMRMZAWCRO300,ZAWCRO,-34.10222,23.38083,Robberg,Western Cape,South Africa,8cm epoxy robomussel,5.Low,Rocky,moderately exposed,6/6/07,8/13/07
BMRMZAWCRO500,ZAWCRO,-34.10222,23.38083,Robberg,Western Cape,South Africa,8cm epoxy robomussel,5.Low,Rocky,moderately exposed,6/6/07,8/13/07
BMRMZAECSK100,ZAECSK,-34.04083,25.53333,Skoenmakerskop,Eastern Cape,South Africa,8cm epoxy robomussel,5.Low,Rocky,moderately exposed,5/22/07,8/12/07
BMRMZAECSK101,ZAECSK,-34.04083,25.53333,Skoenmakerskop,Eastern Cape,South Africa,8cm epoxy robomussel,5.Low,Rocky,moderately exposed,5/22/07,8/12/07
BMRMZAWCPN100,ZAWCPN,-32.80194,17.89833,Paternoster,Western Cape,South Africa,8cm epoxy robomussel,5.Low,Rocky,moderately exposed,6/19/07,8/4/07
BMRMZAWCPN201,ZAWCPN,-32.80194,17.89833,Paternoster,Western Cape,South Africa,8cm epoxy robomussel,5.Low,Rocky,moderately exposed,6/19/07,8/4/07
BMRMZAWCYZ100,ZAWCYZ,-33.34666,18.15305,Yzerfontein,Western Cape,South Africa,8cm epoxy robomussel,5.Low,Rocky,moderately exposed,6/19/07,8/4/07
BMRMZAWCYZ300,ZAWCYZ,-33.34666,18.15305,Yzerfontein,Western Cape,South Africa,8cm epoxy robomussel,5.Low,Rocky,moderately exposed,6/19/07,8/4/07
BMRMUSCACM81,USCACM,40.34798333,-124.3650167,Cape Mendocino,California,USA,8cm epoxy robomussel,5.Low,Rocky,exposed,8/14/06,3/13/07
BMRMUSCACM87,USCACM,40.34798333,-124.3650167,Cape Mendocino,California,USA,8cm epoxy robomussel,1.High,Rocky,exposed,2/29/04,3/13/07
BMRMNZCBBT6,NZCBBT,-43.3506,172.79015,Box Thumb,Cantebury,New Zealand,8cm epoxy robomussel,5.Low,Rocky,exposed,3/22/06,2/22/07
BMRMNZWCWB3,NZWCWB,-42.019,171.22712,Woodpecker Bay,West Coast,New Zealand,8cm epoxy robomussel,3.Mid,Rocky,exposed,3/28/06,2/20/07
BMRMUSORSH4,USORSH,44.24992,-124.11357,Strawberry Hill,Oregon,USA,8cm epoxy robomussel,4.Lower-Mid,Rocky,exposed,7/14/06,2/13/07
BMRMNZAKPK309,NZAKPK,-36.2598,174.7530667,Pakiri,Auckland,New Zealand,8cm epoxy robomussel,3.Mid,Rocky,exposed,1/31/06,12/5/06
BMRMNZNLHH199,NZNLHH,-35.29461667,173.1570833,Herekino Harbour,Northland,New Zealand,8cm epoxy robomussel,3.Mid,Rocky,exposed,1/28/06,12/5/06
BMRMNZAKAW190,NZAKAW,-36.917,174.4500333,Anawhata,Auckland,New Zealand,8cm epoxy robomussel,1.High,Rocky,exposed,2/2/06,12/5/06
BMRMNZCMWW315,NZCMWW,-36.77893333,175.7486,Whau Whau Beach,Coromandel,New Zealand,8cm epoxy robomussel,1.High,Rocky,exposed,2/1/06,12/5/06
BMRMNZNLEB304,NZNLEB,-35.11476667,173.9604333,Elliots Beach,Northland,New Zealand,8cm epoxy robomussel,3.Mid,Rocky,exposed,2/2/06,12/5/06
BMRMNZNLEB305,NZNLEB,-35.11476667,173.9604333,Elliots Beach,Northland,New Zealand,8cm epoxy robomussel,1.High,Rocky,exposed,2/1/06,12/5/06
BMRMNZNLMB191,NZNLMB,-36.75161667,173.5695333,Maunganui Bluff,Northland,New Zealand,8cm epoxy robomussel,5.Low,Rocky,exposed,1/26/06,12/5/06
BMRMNZNLMB192,NZNLMB,-36.75161667,173.5695333,Maunganui Bluff,Northland,New Zealand,8cm epoxy robomussel,3.Mid,Rocky,exposed,1/26/06,12/5/06
BMRMNZNLMB194,NZNLMB,-36.75161667,173.5695333,Maunganui Bluff,Northland,New Zealand,8cm epoxy robomussel,3.Mid,Rocky,exposed,1/26/06,12/5/06
BMRMUSORBB200,USORBB,44.83064,-124.06005,Boiler Bay,Oregon,USA,8cm epoxy robomussel,3.Mid,Rocky,exposed,5/22/00,8/2/06
BMRMUSCACP57,USCACP,34.40673,-119.87829,Coal Oil Point,California,USA,8cm epoxy robomussel,1.High,Rocky,exposed,9/23/03,4/29/06
BMRMCABCSI148,CABCSI,48.83906667,-125.2075833,Seppings Island,British Columbia,Canada,8cm epoxy robomussel,2.Upper-Mid,Rocky,exposed,3/29/04,1/11/06
BMRMCABCSI150,CABCSI,48.83906667,-125.2075833,Seppings Island,British Columbia,Canada,8cm epoxy robomussel,3.Mid,Rocky,exposed,10/17/04,1/11/06
BMRMCABCSI27,CABCSI,48.83906667,-125.2075833,Seppings Island,British Columbia,Canada,8cm epoxy robomussel,1.High,Rocky,exposed,3/29/04,1/11/06
BMRMCABCSI28,CABCSI,48.83906667,-125.2075833,Seppings Island,British Columbia,Canada,8cm epoxy robomussel,3.Mid,Rocky,exposed,3/29/04,1/11/06
BMRMUSCAPD164,USCAPD,35.66581667,-121.2867167,Piedras,California,USA,8cm epoxy robomussel,4.Lower-Mid,Rocky,exposed,7/20/04,8/24/05
BMRMUSCAPD167,USCAPD,35.66581667,-121.2867167,Piedras,California,USA,8cm epoxy robomussel,5.Low,Rocky,exposed,7/20/04,8/24/05
BMRMUSCAPD169,USCAPD,35.66581667,-121.2867167,Piedras,California,USA,8cm epoxy robomussel,3.Mid,Rocky,exposed,4/3/01,8/24/05
BMRMUSCAPD170,USCAPD,35.66581667,-121.2867167,Piedras,California,USA,8cm epoxy robomussel,3.Mid,Rocky,exposed,7/20/04,8/24/05
BMRMUSCAPD171,USCAPD,35.66581667,-121.2867167,Piedras,California,USA,8cm epoxy robomussel,3.Mid,Rocky,exposed,7/16/00,8/24/05
BMRMUSCAPD172,USCAPD,35.66581667,-121.2867167,Piedras,California,USA,8cm epoxy robomussel,1.High,Rocky,exposed,7/20/04,8/24/05
BMRMUSCAJA38,USCAJA,34.49515,-120.4969,Jalama,California,USA,8cm epoxy robomussel,3.Mid,Rocky,exposed,11/6/02,7/28/05
BMRMUSCAJA40,USCAJA,34.49515,-120.4969,Jalama,California,USA,8cm epoxy robomussel,2.Upper-Mid,Rocky,exposed,11/24/03,7/28/05
BMRMUSCAJA42,USCAJA,34.49515,-120.4969,Jalama,California,USA,8cm epoxy robomussel,4.Lower-Mid,Rocky,exposed,11/25/03,7/28/05
BMRMUSCAJA44,USCAJA,34.49515,-120.4969,Jalama,California,USA,8cm epoxy robomussel,5.Low,Rocky,exposed,7/28/02,7/28/05
BMRMUSCAJA41,USCAJA,34.49515,-120.4969,Jalama,California,USA,8cm epoxy robomussel,3.Mid,Rocky,exposed,7/28/02,6/13/05
BMRMCABCSI132,CABCSI,48.83906667,-125.2075833,Seppings Island,British Columbia,Canada,8cm epoxy robomussel,5.Low,Rocky,exposed,3/29/04,5/29/05
BMRMUSCACM85,USCACM,40.34798333,-124.3650167,Cape Mendocino,California,USA,8cm epoxy robomussel,3.Mid,Rocky,exposed,3/7/04,4/9/05
BMRMUSCACM84,USCACM,40.34798333,-124.3650167,Cape Mendocino,California,USA,8cm epoxy robomussel,3.Mid,Rocky,exposed,2/29/04,3/31/05
BMRMUSCAJA43,USCAJA,34.49515,-120.4969,Jalama,California,USA,8cm epoxy robomussel,5.Low,Rocky,exposed,7/17/04,12/14/04
BMRMUSORCA1014,USORCA,43.30664,-124.40235,Cape Arago,Oregon,USA,8cm epoxy robomussel,5.Low,Rocky,exposed,3/3/04,8/30/04
BMRMUSCATR94,USCATR,41.06205,-124.14925,Terrace Point,California,USA,8cm epoxy robomussel,4.Lower-Mid,Rocky,exposed,3/4/04,8/20/04
BMRMUSCALS1011,USCALS,34.71431667,-120.6075,Lompoc South,California,USA,8cm epoxy robomussel,5.Low,Rocky,exposed,8/25/02,7/20/04
BMRMUSCAPD1008,USCAPD,35.66581667,-121.2867167,Piedras,California,USA,8cm epoxy robomussel,3.Mid,Rocky,exposed,3/21/04,7/19/04
BMRMUSCAPD60,USCAPD,35.66581667,-121.2867167,Piedras,California,USA,8cm epoxy robomussel,3.Mid,Rocky,exposed,4/3/01,7/19/04
BMRMUSCAPD59,USCAPD,35.66581667,-121.2867167,Piedras,California,USA,8cm epoxy robomussel,3.Mid,Rocky,exposed,4/3/01,7/19/04
BMRMUSCALS1010,USCALS,34.71431667,-120.6075,Lompoc South,California,USA,8cm epoxy robomussel,3.Mid,Rocky,exposed,6/11/04,7/19/04
BMRMUSWACC1000,USWACC,48.5494,-123.0059667,Colins Cove,Washington,USA,8cm epoxy robomussel,3.Mid,Rocky,protected,10/15/03,5/2/04
BMRMUSWACP1000,USWACP,48.45135,-122.9617833,Cattle Point,Washington,USA,8cm epoxy robomussel,1.High,Rocky,protected,10/8/03,5/2/04
BMRMUSWACC3,USWACC,48.5494,-123.0059667,Colins Cove,Washington,USA,8cm epoxy robomussel,3.Mid,Rocky,protected,4/4/02,5/2/04
BMRMUSWACP1001,USWACP,48.45135,-122.9617833,Cattle Point,Washington,USA,8cm epoxy robomussel,2.Upper-Mid,Rocky,protected,10/8/03,4/30/04
BMRMUSWACP1002,USWACP,48.45135,-122.9617833,Cattle Point,Washington,USA,8cm epoxy robomussel,3.Mid,Rocky,protected,10/23/03,4/30/04
BMRMUSWACP1003,USWACP,48.45135,-122.9617833,Cattle Point,Washington,USA,8cm epoxy robomussel,3.Mid,Rocky,protected,10/23/03,4/30/04
BMRMUSWACP1004,USWACP,48.45135,-122.9617833,Cattle Point,Washington,USA,8cm epoxy robomussel,4.Lower-Mid,Rocky,protected,10/23/03,4/30/04
BMRMUSWACC1,USWACC,48.5494,-123.0059667,Colins Cove,Washington,USA,8cm epoxy robomussel,3.Mid,Rocky,protected,4/4/02,12/29/03
BMRMUSCAAG38,USCAAG,34.46716667,-120.2770333,Alegria,California,USA,8cm epoxy robomussel,1.High,Rocky,exposed,10/25/03,11/19/03
BMRMUSCAAG39,USCAAG,34.46716667,-120.2770333,Alegria,California,USA,8cm epoxy robomussel,2.Upper-Mid,Rocky,exposed,10/25/03,11/19/03
BMRMUSCAAG40,USCAAG,34.46716667,-120.2770333,Alegria,California,USA,8cm epoxy robomussel,3.Mid,Rocky,exposed,10/25/03,11/19/03
BMRMUSCAAG41,USCAAG,34.46716667,-120.2770333,Alegria,California,USA,8cm epoxy robomussel,3.Mid,Rocky,exposed,10/25/03,11/19/03
BMRMUSCAJA46,USCAJA,34.49515,-120.4969,Jalama,California,USA,8cm epoxy robomussel,3.Mid,Rocky,exposed,11/6/02,10/28/03
BMRMUSCAAG100,USCAAG,34.46716667,-120.2770333,Alegria,California,USA,8cm epoxy robomussel,4.Lower-Mid,Rocky,exposed,4/26/03,10/25/03
BMRMUSCAAG1007,USCAAG,34.46716667,-120.2770333,Alegria,California,USA,8cm epoxy robomussel,5.Low,Rocky,exposed,2/1/02,10/15/03
BMRMUSWACP4,USWACP,48.45135,-122.9617833,Cattle Point,Washington,USA,8cm epoxy robomussel,3.Mid,Rocky,protected,5/26/02,8/15/03
BMRMUSORBB9,USORBB,44.83064,-124.06005,Boiler Bay,Oregon,USA,8cm epoxy robomussel,3.Mid,Rocky,protected,10/16/00,6/18/03
BMRMUSORSH367,USORSH,44.24992,-124.11357,Strawberry Hill,Oregon,USA,8cm epoxy robomussel,5.Low,Rocky,protected,4/20/03,6/17/03
BMRMUSORSH369,USORSH,44.24992,-124.11357,Strawberry Hill,Oregon,USA,8cm epoxy robomussel,2.Upper-Mid,Rocky,N/A,4/20/03,6/16/03
BMRMUSCABH2,USCABH,34.7188,-120.6088,Boat House,California,USA,8cm epoxy robomussel,3.Mid,Rocky,protected,3/2/02,6/15/03
BMRMUSCABH4,USCABH,34.7188,-120.6088,Boat House,California,USA,8cm epoxy robomussel,3.Mid,Rocky,protected,3/2/02,6/15/03
BMRMUSCACA21,USCACA,35.54,-121.0929167,Cambria,California,USA,8cm epoxy robomussel,3.Mid,Rocky,exposed,3/1/02,6/15/03
BMRMUSCACA22,USCACA,35.54,-121.0929167,Cambria,California,USA,8cm epoxy robomussel,3.Mid,Rocky,exposed,3/1/02,6/15/03
BMRMUSCACA23,USCACA,35.54,-121.0929167,Cambria,California,USA,8cm epoxy robomussel,3.Mid,Rocky,exposed,3/1/02,6/15/03
BMRMUSCAJA45,USCAJA,34.49515,-120.4969,Jalama,California,USA,8cm epoxy robomussel,3.Mid,Rocky,exposed,7/28/02,4/23/03
BMRMUSCACP90,USCACP,34.40673,-119.87829,Coal Oil Point,California,USA,8cm epoxy robomussel,3.Mid,Rocky,exposed,1/14/01,3/24/03
BMRMUSCACP91,USCACP,34.40673,-119.87829,Coal Oil Point,California,USA,8cm epoxy robomussel,3.Mid,Rocky,exposed,8/7/00,3/24/03
BMRMUSCACP92,USCACP,34.40673,-119.87829,Coal Oil Point,California,USA,8cm epoxy robomussel,3.Mid,Rocky,exposed,8/7/00,3/24/03
BMRMUSWACC2,USWACC,48.5494,-123.0059667,Colins Cove,Washington,USA,8cm epoxy robomussel,3.Mid,Rocky,protected,4/4/02,2/28/03
BMRMUSWACP6,USWACP,48.45135,-122.9617833,Cattle Point,Washington,USA,8cm epoxy robomussel,4.Lower-Mid,Rocky,protected,5/26/02,2/27/03
BMRMUSORBB56,USORBB,44.83064,-124.06005,Boiler Bay,Oregon,USA,8cm epoxy robomussel,1.High,Rocky,exposed,5/22/00,12/26/02
BMRMUSORBB57,USORBB,44.83064,-124.06005,Boiler Bay,Oregon,USA,8cm epoxy robomussel,2.Upper-Mid,Rocky,exposed,5/15/02,12/26/02
BMRMUSWACC6,USWACC,48.5494,-123.0059667,Colins Cove,Washington,USA,8cm epoxy robomussel,3.Mid,Rocky,protected,5/26/02,11/3/02
BMRMUSCABH3,USCABH,34.7188,-120.6088,Boat House,California,USA,8cm epoxy robomussel,3.Mid,Rocky,protected,3/2/02,10/13/02
BMRMUSCAPD53,USCAPD,35.66581667,-121.2867167,Piedras,California,USA,8cm epoxy robomussel,3.Mid,Rocky,exposed,7/16/00,10/13/02
BMRMUSORSH32,USORSH,44.24992,-124.11357,Strawberry Hill,Oregon,USA,8cm epoxy robomussel,3.Mid,Rocky,exposed,5/22/00,10/7/02
BMRMUSORSH366,USORSH,44.24992,-124.11357,Strawberry Hill,Oregon,USA,8cm epoxy robomussel,3.Mid,Rocky,protected,5/16/02,10/7/02
BMRMUSORBB18,USORBB,44.83064,-124.06005,Boiler Bay,Oregon,USA,8cm epoxy robomussel,3.Mid,Rocky,protected,10/16/00,10/6/02
BMRMUSORBB50,USORBB,44.83064,-124.06005,Boiler Bay,Oregon,USA,8cm epoxy robomussel,5.Low,Rocky,protected,5/18/02,10/6/02
BMRMUSORBB54,USORBB,44.83064,-124.06005,Boiler Bay,Oregon,USA,8cm epoxy robomussel,5.Low,Rocky,exposed,5/15/02,10/6/02
BMRMUSORBB55,USORBB,44.83064,-124.06005,Boiler Bay,Oregon,USA,8cm epoxy robomussel,1.High,Rocky,protected,5/18/02,10/6/02
BMRMUSCAAG44,USCAAG,34.46716667,-120.2770333,Alegria,California,USA,8cm epoxy robomussel,3.Mid,Rocky,exposed,2/1/02,9/15/02
BMRMUSCABH7,USCABH,34.7188,-120.6088,Boat House,California,USA,8cm epoxy robomussel,3.Mid,Rocky,exposed,2/1/02,9/15/02
BMRMUSCAPD58,USCAPD,35.66581667,-121.2867167,Piedras,California,USA,8cm epoxy robomussel,3.Mid,Rocky,exposed,4/3/01,9/14/02
BMRMUSWASD12,USWASD,48.39136667,-124.7383667,Strawberry Point,Washington,USA,8cm epoxy robomussel,3.Mid,Rocky,exposed,6/22/01,8/23/02
BMRMUSWASD15,USWASD,48.39136667,-124.7383667,Strawberry Point,Washington,USA,8cm epoxy robomussel,3.Mid,Rocky,exposed,6/22/01,8/23/02
BMRMUSWASD3,USWASD,48.39136667,-124.7383667,Strawberry Point,Washington,USA,8cm epoxy robomussel,3.Mid,Rocky,exposed,10/27/00,8/23/02
BMRMUSWASD6,USWASD,48.39136667,-124.7383667,Strawberry Point,Washington,USA,8cm epoxy robomussel,3.Mid,Rocky,exposed,6/18/00,8/23/02
BMRMUSWASD21,USWASD,48.39136667,-124.7383667,Strawberry Point,Washington,USA,8cm epoxy robomussel,3.Mid,Rocky,exposed,6/18/00,8/23/02
BMRMUSCALL58,USCALL,34.71911,-120.60889,Lompoc Landing,California,USA,8cm epoxy robomussel,3.Mid,Rocky,exposed,1/11/01,8/17/02
BMRMUSCALL61,USCALL,34.71911,-120.60889,Lompoc Landing,California,USA,8cm epoxy robomussel,5.Low,Rocky,exposed,2/1/02,8/17/02
BMRMUSCAJA82,USCAJA,34.49515,-120.4969,Jalama,California,USA,8cm epoxy robomussel,3.Mid,Rocky,exposed,7/14/00,8/16/02
BMRMUSWASD10,USWASD,48.39136667,-124.7383667,Strawberry Point,Washington,USA,8cm epoxy robomussel,2.Upper-Mid,Rocky,exposed,6/22/01,8/16/02
BMRMUSWACP3,USWACP,48.45135,-122.9617833,Cattle Point,Washington,USA,8cm epoxy robomussel,3.Mid,Rocky,protected,5/26/02,8/11/02
BMRMUSWALB13,USWALB,48.39381667,-124.7354833,Landing Beach,Washington,USA,8cm epoxy robomussel,3.Mid,Rocky,protected,9/4/01,8/4/02
BMRMUSWALB14,USWALB,48.39381667,-124.7354833,Landing Beach,Washington,USA,8cm epoxy robomussel,3.Mid,Rocky,protected,9/4/01,8/4/02
BMRMUSWALB15,USWALB,48.39381667,-124.7354833,Landing Beach,Washington,USA,8cm epoxy robomussel,3.Mid,Rocky,protected,9/4/01,8/4/02
BMRMUSWALB16,USWALB,48.39381667,-124.7354833,Landing Beach,Washington,USA,8cm epoxy robomussel,3.Mid,Rocky,protected,9/4/01,8/4/02
BMRMUSWALB17,USWALB,48.39381667,-124.7354833,Landing Beach,Washington,USA,8cm epoxy robomussel,3.Mid,Rocky,protected,9/4/01,8/4/02
BMRMUSWALB18,USWALB,48.39381667,-124.7354833,Landing Beach,Washington,USA,8cm epoxy robomussel,3.Mid,Rocky,protected,9/4/01,8/4/02
BMRMUSCAJA84,USCAJA,34.49515,-120.4969,Jalama,California,USA,8cm epoxy robomussel,3.Mid,Rocky,exposed,1/13/01,7/19/02
BMRMUSCABH6,USCABH,34.7188,-120.6088,Boat House,California,USA,8cm epoxy robomussel,3.Mid,Rocky,exposed,2/1/02,7/3/02
BMRMUSCAJA85,USCAJA,34.49515,-120.4969,Jalama,California,USA,8cm epoxy robomussel,3.Mid,Rocky,exposed,2/1/02,6/27/02
BMRMUSWASD9,USWASD,48.39136667,-124.7383667,Strawberry Point,Washington,USA,8cm epoxy robomussel,1.High,Rocky,exposed,6/18/00,6/21/02
BMRMUSCALL57,USCALL,34.71911,-120.60889,Lompoc Landing,California,USA,8cm epoxy robomussel,3.Mid,Rocky,exposed,1/11/01,5/24/02
BMRMUSORSH31,USORSH,44.24992,-124.11357,Strawberry Hill,Oregon,USA,8cm epoxy robomussel,3.Mid,Rocky,exposed,10/17/00,5/15/02
BMRMUSORBB1,USORBB,44.83064,-124.06005,Boiler Bay,Oregon,USA,8cm epoxy robomussel,3.Mid,Rocky,intermediate,4/8/02,5/14/02
BMRMUSORSH33,USORSH,44.24992,-124.11357,Strawberry Hill,Oregon,USA,8cm epoxy robomussel,3.Mid,Rocky,protected,4/9/02,5/6/02
BMRMUSWASD18,USWASD,48.39136667,-124.7383667,Strawberry Point,Washington,USA,8cm epoxy robomussel,3.Mid,Rocky,exposed,6/18/00,4/24/02
BMRMUSCALL62,USCALL,34.71911,-120.60889,Lompoc Landing,California,USA,8cm epoxy robomussel,5.Low,Rocky,exposed,2/1/02,4/8/02
BMRMUSWASD17,USWASD,48.39136667,-124.7383667,Strawberry Point,Washington,USA,8cm epoxy robomussel,1.High,Rocky,exposed,6/18/00,2/2/02
BMRMUSWASD2,USWASD,48.39136667,-124.7383667,Strawberry Point,Washington,USA,8cm epoxy robomussel,1.High,Rocky,exposed,6/18/00,2/2/02
BMRMUSWASD20,USWASD,48.39136667,-124.7383667,Strawberry Point,Washington,USA,8cm epoxy robomussel,1.High,Rocky,exposed,6/18/00,2/2/02
BMRMUSWASD5,USWASD,48.39136667,-124.7383667,Strawberry Point,Washington,USA,8cm epoxy robomussel,1.High,Rocky,exposed,6/18/00,2/2/02
BMRMUSCABD1000,USCABD,38.3185,-123.07395,Bodega Reserve,California,USA,8cm epoxy robomussel,3.Mid,Rocky,exposed,6/9/01,1/20/02
BMRMUSCABD1001,USCABD,38.3185,-123.07395,Bodega Reserve,California,USA,8cm epoxy robomussel,3.Mid,Rocky,exposed,6/9/01,1/20/02
BMRMUSCABD1003,USCABD,38.3185,-123.07395,Bodega Reserve,California,USA,8cm epoxy robomussel,3.Mid,Rocky,protected,6/9/01,1/20/02
BMRMUSCABD1004,USCABD,38.3185,-123.07395,Bodega Reserve,California,USA,8cm epoxy robomussel,3.Mid,Rocky,protected,6/9/01,1/20/02
BMRMUSORSH100,USORSH,44.24992,-124.11357,Strawberry Hill,Oregon,USA,8cm epoxy robomussel,1.High,Rocky,protected,5/24/01,1/5/02
BMRMUSORSH102,USORSH,44.24992,-124.11357,Strawberry Hill,Oregon,USA,8cm epoxy robomussel,1.High,Rocky,protected,10/17/00,1/5/02
BMRMUSORSH103,USORSH,44.24992,-124.11357,Strawberry Hill,Oregon,USA,8cm epoxy robomussel,1.High,Rocky,protected,5/24/01,1/5/02
BMRMUSORBB61,USORBB,44.83064,-124.06005,Boiler Bay,Oregon,USA,8cm epoxy robomussel,1.High,Rocky,protected,5/23/01,1/4/02
BMRMUSCAPD54,USCAPD,35.66581667,-121.2867167,Piedras,California,USA,8cm epoxy robomussel,3.Mid,Rocky,exposed,7/16/00,1/2/02
BMRMUSCALL56,USCALL,34.71911,-120.60889,Lompoc Landing,California,USA,8cm epoxy robomussel,3.Mid,Rocky,exposed,1/11/01,11/7/01
BMRMUSCAHS1000,USCAHS,36.62193333,-121.9053167,Hopkins,California,USA,8cm epoxy robomussel,3.Mid,Rocky,exposed,6/11/01,10/31/01
BMRMUSCAHS86,USCAHS,36.62193333,-121.9053167,Hopkins,California,USA,8cm epoxy robomussel,3.Mid,Rocky,exposed,6/6/00,10/31/01
BMRMUSCAHS88,USCAHS,36.62193333,-121.9053167,Hopkins,California,USA,8cm epoxy robomussel,3.Mid,Rocky,exposed,7/7/00,10/31/01
BMRMUSCAHS90,USCAHS,36.62193333,-121.9053167,Hopkins,California,USA,8cm epoxy robomussel,3.Mid,Rocky,exposed,3/20/01,10/31/01
BMRMUSCAHS91,USCAHS,36.62193333,-121.9053167,Hopkins,California,USA,8cm epoxy robomussel,1.High,Rocky,exposed,6/10/01,10/31/01
BMRMUSCAHS92,USCAHS,36.62193333,-121.9053167,Hopkins,California,USA,8cm epoxy robomussel,1.High,Rocky,exposed,7/1/00,10/31/01
BMRMUSCAPR50,USCAPR,34.02041667,-119.6866333,Prisoners Harbor,California,USA,8cm epoxy robomussel,1.High,Rocky,exposed,7/31/00,9/3/01
BMRMUSCAPR52,USCAPR,34.02041667,-119.6866333,Prisoners Harbor,California,USA,8cm epoxy robomussel,3.Mid,Rocky,exposed,7/31/00,9/3/01
BMRMUSCAPR53,USCAPR,34.02041667,-119.6866333,Prisoners Harbor,California,USA,8cm epoxy robomussel,3.Mid,Rocky,exposed,1/21/01,9/3/01
BMRMUSCAPR54,USCAPR,34.02041667,-119.6866333,Prisoners Harbor,California,USA,8cm epoxy robomussel,3.Mid,Rocky,exposed,7/31/00,9/3/01
BMRMUSWALB10,USWALB,48.39381667,-124.7354833,Landing Beach,Washington,USA,8cm epoxy robomussel,3.Mid,Rocky,protected,6/24/01,9/3/01
BMRMUSWALB11,USWALB,48.39381667,-124.7354833,Landing Beach,Washington,USA,8cm epoxy robomussel,3.Mid,Rocky,protected,6/24/01,9/3/01
BMRMUSWALB12,USWALB,48.39381667,-124.7354833,Landing Beach,Washington,USA,8cm epoxy robomussel,3.Mid,Rocky,protected,6/24/01,9/3/01
BMRMUSWALB2,USWALB,48.39381667,-124.7354833,Landing Beach,Washington,USA,8cm epoxy robomussel,1.High,Rocky,protected,6/23/01,9/3/01
BMRMUSWALB5,USWALB,48.39381667,-124.7354833,Landing Beach,Washington,USA,8cm epoxy robomussel,5.Low,Rocky,protected,6/23/01,9/3/01
BMRMUSWALB6,USWALB,48.39381667,-124.7354833,Landing Beach,Washington,USA,8cm epoxy robomussel,3.Mid,Rocky,protected,6/23/01,9/3/01
BMRMUSWALB9,USWALB,48.39381667,-124.7354833,Landing Beach,Washington,USA,8cm epoxy robomussel,3.Mid,Rocky,protected,6/24/01,9/3/01
BMRMUSWALB3,USWALB,48.39381667,-124.7354833,Landing Beach,Washington,USA,8cm epoxy robomussel,2.Upper-Mid,Rocky,protected,6/23/01,9/3/01
BMRMUSWALB4,USWALB,48.39381667,-124.7354833,Landing Beach,Washington,USA,8cm epoxy robomussel,3.Mid,Rocky,protected,6/23/01,9/3/01
BMRMUSWALB8,USWALB,48.39381667,-124.7354833,Landing Beach,Washington,USA,8cm epoxy robomussel,3.Mid,Rocky,protected,6/24/01,9/3/01
BMRMUSCACA20,USCACA,35.54,-121.0929167,Cambria,California,USA,8cm epoxy robomussel,3.Mid,Rocky,exposed,1/11/01,8/15/01
BMRMUSCABH1,USCABH,34.7188,-120.6088,Boat House,California,USA,8cm epoxy robomussel,3.Mid,Rocky,N/A,1/12/01,8/15/01
BMRMUSCAAG42,USCAAG,34.46716667,-120.2770333,Alegria,California,USA,8cm epoxy robomussel,1.High,Rocky,exposed,1/11/01,7/22/01
BMRMUSCAAG43,USCAAG,34.46716667,-120.2770333,Alegria,California,USA,8cm epoxy robomussel,1.High,Rocky,exposed,1/11/01,7/22/01
BMRMUSCAPD56,USCAPD,35.66581667,-121.2867167,Piedras,California,USA,8cm epoxy robomussel,1.High,Rocky,exposed,7/16/00,7/22/01
BMRMUSCAPD57,USCAPD,35.66581667,-121.2867167,Piedras,California,USA,8cm epoxy robomussel,1.High,Rocky,exposed,7/16/00,7/22/01
BMRMUSCALL59,USCALL,34.71911,-120.60889,Lompoc Landing,California,USA,8cm epoxy robomussel,1.High,Rocky,exposed,1/11/01,7/21/01
BMRMUSCALL60,USCALL,34.71911,-120.60889,Lompoc Landing,California,USA,8cm epoxy robomussel,1.High,Rocky,exposed,1/11/01,7/21/01
BMRMUSCACP93,USCACP,34.40673,-119.87829,Coal Oil Point,California,USA,8cm epoxy robomussel,1.High,Rocky,exposed,8/7/00,7/19/01
BMRMUSCAJA80,USCAJA,34.49515,-120.4969,Jalama,California,USA,8cm epoxy robomussel,1.High,Rocky,exposed,7/14/00,7/18/01
BMRMUSWASD13,USWASD,48.39136667,-124.7383667,Strawberry Point,Washington,USA,8cm epoxy robomussel,3.Mid,Rocky,exposed,6/18/00,5/24/01
BMRMUSORBB65,USORBB,44.83064,-124.06005,Boiler Bay,Oregon,USA,8cm epoxy robomussel,1.High,Rocky,exposed,10/16/00,5/23/01
BMRMUSORSH104,USORSH,44.24992,-124.11357,Strawberry Hill,Oregon,USA,8cm epoxy robomussel,1.High,Rocky,protected,10/17/00,5/23/01
BMRMUSCAPR51,USCAPR,34.02041667,-119.6866333,Prisoners Harbor,California,USA,8cm epoxy robomussel,1.High,Rocky,exposed,7/31/00,5/12/01
BMRMUSCAJA81,USCAJA,34.49515,-120.4969,Jalama,California,USA,8cm epoxy robomussel,1.High,Rocky,exposed,7/14/00,4/28/01
BMRMUSCAPD55,USCAPD,35.66581667,-121.2867167,Piedras,California,USA,8cm epoxy robomussel,1.High,Rocky,exposed,7/16/00,4/28/01
BMRMUSCACP94,USCACP,34.40673,-119.87829,Coal Oil Point,California,USA,8cm epoxy robomussel,1.High,Rocky,exposed,8/7/00,1/12/01
BMRMUSCAHS97,USCAHS,36.62193333,-121.9053167,Hopkins,California,USA,8cm epoxy robomussel,1.High,Rocky,exposed,7/1/00,12/20/00
BMRMUSCAHS94,USCAHS,36.62193333,-121.9053167,Hopkins,California,USA,8cm epoxy robomussel,1.High,Rocky,exposed,7/1/00,10/26/00
BMRMUSCAHS95,USCAHS,36.62193333,-121.9053167,Hopkins,California,USA,8cm epoxy robomussel,1.High,Rocky,exposed,7/1/00,10/26/00
BMRMUSCAHS96,USCAHS,36.62193333,-121.9053167,Hopkins,California,USA,8cm epoxy robomussel,1.High,Rocky,exposed,7/1/00,10/26/00
BMRMUSWASD14,USWASD,48.39136667,-124.7383667,Strawberry Point,Washington,USA,8cm epoxy robomussel,1.High,Rocky,exposed,6/18/00,10/19/00
BMRMUSCAHS1003,USCAHS,36.62193333,-121.9053167,Hopkins,California,USA,8cm epoxy robomussel,3.Mid,Rocky,exposed,7/1/00,8/25/00